Workbook

Sheet Януари
A1: Дата | B1: Смяна | C1: Диспечер | D1: Подадена руда от МГТЛ за денонощието | E1: Състояние на склад №2 | F1: Натрошена руда от Цех ССТ | G1: Класа +15,0мм. | H1: Класа +12,5мм. | I1: Превозена руда до междинни бункери | J1: Състояние на междинни бункери | K1: Преработена руда в цех МФЦ | L1: Влага на преработената руда | M1: Суха преработена руда | N1: Грано диорити | P1: Дайки | R1: Шисти | S1: Показания на Гранулометър PSI500i руда, +0,20мм | U1: Смилане класа +0,20мм | W1: Смилане класа -0,08мм | Y1: Плътност на пулпа | AA1: Съдържание на мед в рудите по Химия | AB1: Метал мед в рудите по Химия | AC1: Съдържание на мед в рудите по Куриер | AD1: Метал мед в рудите по Куриер | AE1: Коригирана съдържание на мед в рудите | AF1: Съдържание на мед в отпадъка по Куриер | AG1: Метал мед в отпадъка по Куриер | AH1: Съдържание на мед в медния к-т Куриер | AI1: Метал мед в концентрата по Куриер | AJ1: Технологично извличане по Куриер | AK1: Товарно извличане | AL1: Добит меден концентрат | AM1: Влага на медния концентрат | AN1: Съдържание на мед в медния к-т (Брукер) | AO1: Съдържание на мед в медния к-т /химия-товарен/ | AP1: Метал мед в медния концентрат | AQ1: Метал мед в медния концентрат /химия/ | AR1: Литрово тегло в сгъстителя | AS1: Меден концентрат, автомобилна везна | AT1: Меден концентрат в склад | AU1: Меден концентрат в склад | AV1: Добит молибденов концентрат | AW1: Съдържание на Мо в молибденовия к-т | AX1: последни данни за съдържания в 8-ма пречистка | AZ1: последни данни за съдържания във 2-ра пречистка
D2: тона | E2: метра | F2: тона | G2: % | H2: % | I2: тона | J2: метра | K2: тона | L2: % | M2: тона | N2: % | P2: % | R2: % | S2: % | U2: % | W2: % | Y2: % | AA2: % | AB2: % | AC2: % | AD2: % | AE2: тона | AF2: % | AG2: тона | AH2: % | AI2: % | AJ2: тона | AK2: % | AL2: % | AM2: % | AN2: тона | AO2: тона | AP2: кг/литър | AQ2: тон | AR2: тон | AS2: тон | AT2: кг. | AU2: % | AV2: Мо % | AW2: Cu % | AX2: Мо % | AY2: Cu %
AR3: 1488.04
A4: 1 | B4: 1 | C4: Димитър Цончев | D4: 15768 | E4: 1 | F4: 15694 | G4: 2.4 | H4: 4.8 | I4: 17126 | J4: 6.1 | K4: 15129 | L4: 0.079 | M4: =ROUND(K4*(1-L4),0) -> 13934 | N4: 0.559 | O4: =M4*N4 -> 7789.106 | P4: 0.399 | Q4: =M4*P4 -> 5559.666 | R4: 0.042 | S4: 0.2019 | T4: =M4*R4 -> 585.228 | U4: 0.186 | V4: =M4*U4 -> 2591.724 | W4: 0.521 | X4: =M4*W4 -> 7259.614 | Y4: 0.37 | Z4: =Y4*M4 -> 5155.58 | AA4: 0.00248 | AB4: =M4*AA4 -> 34.55632 | AC4: =IF(M4>0,(AE4+AN4)/M4,0) -> 0.0027201061 | AD4: 0.0003 | AE4: =AD4*M4 -> 4.1802 | AF4: 0.2115 | AG4: =AJ4*(1-AK4)*AF4 -> 34.91019 | AH4: =IF(AND(AF4>0,AD4>0,AA4>0),((AA4-AD4)*AF4)/((AF4-AD4)*AA4),0) -> 0.88028088 | AI4: =IF(AND(AC4>0,AL4>0,AD4>0),((AL4*(AC4-AD4))/(AC4*(AL4-AD4))),0) -> 0.89101858 | AJ4: 180 | AK4: 0.083 | AL4: 0.2043 | AM4: 0.2055 | AN4: =AJ4*(1-AK4)*AL4 -> 33.721758 | AO4: =AJ4*(1-AK4)*AM4 -> 33.91983 | AP4: 1.55 | AR4: =AR3+AJ4-AQ4 -> 1668.04
B5: 2 | C5: Георги Томов | D5: 18500 | E5: 2 | F5: 14303 | G5: 2.6 | H5: 4 | I5: 15594 | J5: 6.2 | K5: 15357 | L5: 0.085 | M5: =ROUND(K5*(1-L5),0) -> 14052 | N5: 0.709 | O5: =M5*N5 -> 9962.868 | P5: 0.243 | Q5: =M5*P5 -> 3414.636 | R5: 0.048 | T5: =M5*R5 -> 674.496 | U5: 0.175 | V5: =M5*U5 -> 2459.1 | W5: 0.538 | X5: =M5*W5 -> 7559.976 | Y5: 0.36 | Z5: =Y5*M5 -> 5058.72 | AA5: 0.00262 | AB5: =M5*AA5 -> 36.81624 | AC5: =IF(M5>0,(AE5+AN5)/M5,0) -> 0.0027337537 | AD5: 0.00031 | AE5: =AD5*M5 -> 4.35612 | AF5: 0.2166 | AG5: =AJ5*(1-AK5)*AF5 -> 34.683075 | AH5: =IF(AND(AF5>0,AD5>0,AA5>0),((AA5-AD5)*AF5)/((AF5-AD5)*AA5),0) -> 0.88294307 | AI5: =IF(AND(AC5>0,AL5>0,AD5>0),((AL5*(AC5-AD5))/(AC5*(AL5-AD5))),0) -> 0.88789687 | AJ5: 175 | AK5: 0.085 | AL5: 0.2127 | AM5: 0.2183 | AN5: =AJ5*(1-AK5)*AL5 -> 34.058588 | AO5: =AJ5*(1-AK5)*AM5 -> 34.955287 | AP5: 1.55 | AR5: =AR4+AJ5-AQ5 -> 1843.04
B6: 3 | C6: Николинка Мутафова | D6: 17022 | E6: 0 | F6: 15083 | G6: 2.3 | H6: 5.3 | I6: 16438 | J6: 5.8 | K6: 15521 | L6: 0.095 | M6: =ROUND(K6*(1-L6),0) -> 14047 | N6: 0.733 | O6: =M6*N6 -> 10296.451 | P6: 0.189 | Q6: =M6*P6 -> 2654.883 | R6: 0.078 | T6: =M6*R6 -> 1095.666 | U6: 0.182 | V6: =M6*U6 -> 2556.554 | W6: 0.537 | X6: =M6*W6 -> 7543.239 | Y6: 0.38 | Z6: =Y6*M6 -> 5337.86 | AA6: 0.00243 | AB6: =M6*AA6 -> 34.13421 | AC6: =IF(M6>0,(AE6+AN6)/M6,0) -> 0.0026101976 | AD6: 0.0003 | AE6: =AD6*M6 -> 4.2141 | AF6: 0.2157 | AG6: =AJ6*(1-AK6)*AF6 -> 33.427676 | AH6: =IF(AND(AF6>0,AD6>0,AA6>0),((AA6-AD6)*AF6)/((AF6-AD6)*AA6),0) -> 0.87776402 | AI6: =IF(AND(AC6>0,AL6>0,AD6>0),((AL6*(AC6-AD6))/(AC6*(AL6-AD6))),0) -> 0.886336 | AJ6: 169 | AK6: 0.083 | AL6: 0.2094 | AM6: 0.2131 | AN6: =AJ6*(1-AK6)*AL6 -> 32.451346 | AO6: =AJ6*(1-AK6)*AM6 -> 33.024746 | AP6: 1.55 | AR6: =AR5+AJ6-AQ6 -> 2012.04
B7: Общо | D7: =SUM(D4:D6) -> 51290 | F7: =SUM(F4:F6) -> 45080 | I7: =SUM(I4:I6) -> 49158 | K7: =SUM(K4:K6) -> 46007 | L7: =IF(K7>0,(K4*L4+K5*L5+K6*L6)/K7,0) -> 0.086400569 | M7: =M4+M5+M6 -> 42033 | N7: =IF(M7>0,O7/M7,0) -> 0.66729534 | O7: =O4+O5+O6 -> 28048.425 | P7: =IF(M7>0,Q7/M7,0) -> 0.27666798 | Q7: =Q4+Q5+Q6 -> 11629.185 | R7: =IF(M7>0,T7/M7,0) -> 0.056036685 | T7: =T4+T5+T6 -> 2355.39 | U7: =IF(M7>0,V7/M7,0) -> 0.18098584 | V7: =V4+V5+V6 -> 7607.378 | W7: =IF(M7>0,X7/M7,0) -> 0.53203029 | X7: =X4+X5+X6 -> 22362.829 | Y7: =IF(M7>0,Z7/M7,0) -> 0.36999881 | Z7: =Z4+Z5+Z6 -> 15552.16 | AA7: =IF(M7>0,AB7/M7,0) -> 0.0025100937 | AB7: =SUM(AB4:AB6) -> 105.50677 | AC7: =IF(M7>0,(AC4*M4+AC5*M5+AC6*M6)/M7,0) -> 0.0026879383 | AD7: =IF(K7>0,(K4*AD4+K5*AD5+K6*AD6)/K7,0) -> 0.00030333797 | AE7: =SUM(AE4:AE6) -> 12.75042 | AF7: =IF(K7>0,(K4*AF4+K5*AF5+K6*AF6)/K7,0) -> 0.21461928 | AG7: =SUM(AG4:AG6) -> 103.02094 | AH7: =IF(AND(AB7>0),((AB4*AH4+AB5*AH5+AB6*AH6)/AB7),0) -> 0.88039557 | AI7: =IF(AND(AC7>0,AL7>0,AD7>0),((AL7*(AC7-AD7))/(AC7*(AL7-AD7))),0) -> 0.88843901 | AJ7: =SUM(AJ4:AJ6) -> 524 | AK7: =IF(AJ7>0,(AK4*AJ4+AK5*AJ5+AK6*AJ6)/AJ7,0) -> 0.083667939 | AL7: =IF(K7>0,(AL4*K4+AL5*K5+AL6*K6)/K7,0) -> 0.20882444 | AM7: =IF(K7>0,(AM4*K4+AM5*K5+AM6*K6)/K7,0) -> 0.21233655 | AN7: =SUM(AN4:AN6) -> 100.23169 | AO7: =SUM(AO4:AO6) -> 101.89986 | AQ7: =SUM(AQ4:AQ6) -> 0 | AS7: =AR6 -> 2012.04 | AT7: =SUM(AT4:AT6) -> 0
A8: 2 | B8: 1 | C8: Димитър Цончев | D8: 5711 | E8: 0 | F8: 11636 | G8: 1.6 | H8: 6.6 | I8: 12562 | J8: 7 | K8: 16160 | L8: 0.087 | M8: =ROUND(K8*(1-L8),0) -> 14754 | N8: 0.627 | O8: =M8*N8 -> 9250.758 | P8: 0.323 | Q8: =M8*P8 -> 4765.542 | R8: 0.05 | S8: 0.226 | T8: =M8*R8 -> 737.7 | U8: 0.193 | V8: =M8*U8 -> 2847.522 | W8: 0.532 | X8: =M8*W8 -> 7849.128 | Y8: 0.38 | Z8: =Y8*M8 -> 5606.52 | AA8: 0.00237 | AB8: =M8*AA8 -> 34.96698 | AC8: =IF(M8>0,(AE8+AN8)/M8,0) -> 0.0025798108 | AD8: 0.00029 | AE8: =AD8*M8 -> 4.27866 | AF8: 0.2164 | AG8: =AJ8*(1-AK8)*AF8 -> 34.963315 | AH8: =IF(AND(AF8>0,AD8>0,AA8>0),((AA8-AD8)*AF8)/((AF8-AD8)*AA8),0) -> 0.87881484 | AI8: =IF(AND(AC8>0,AL8>0,AD8>0),((AL8*(AC8-AD8))/(AC8*(AL8-AD8))),0) -> 0.88882136 | AJ8: 176 | AK8: 0.082 | AL8: 0.2091 | AM8: 0.2176 | AN8: =AJ8*(1-AK8)*AL8 -> 33.783869 | AO8: =AJ8*(1-AK8)*AM8 -> 35.157197 | AP8: 1.6 | AQ8: 1120.04 | AR8: =AR6+AJ8-AQ8 -> 1068
B9: 2 | C9: Иванка Копаранска | D9: 18500 | E9: 3 | F9: 14132 | G9: 1.5 | H9: 5.1 | I9: 15743 | J9: 6.7 | K9: 16138 | L9: 0.082 | M9: =ROUND(K9*(1-L9),0) -> 14815 | N9: 0.591 | O9: =M9*N9 -> 8755.665 | P9: 0.349 | Q9: =M9*P9 -> 5170.435 | R9: 0.06 | S9: 0.227 | T9: =M9*R9 -> 888.9 | U9: 0.213 | V9: =M9*U9 -> 3155.595 | W9: 0.506 | X9: =M9*W9 -> 7496.39 | Y9: 0.37 | Z9: =Y9*M9 -> 5481.55 | AA9: 0.0024 | AB9: =M9*AA9 -> 35.556 | AC9: =IF(M9>0,(AE9+AN9)/M9,0) -> 0.0024893922 | AD9: 0.00028 | AE9: =AD9*M9 -> 4.1482 | AF9: 0.215 | AG9: =AJ9*(1-AK9)*AF9 -> 32.97756 | AH9: =IF(AND(AF9>0,AD9>0,AA9>0),((AA9-AD9)*AF9)/((AF9-AD9)*AA9),0) -> 0.88448522 | AI9: =IF(AND(AC9>0,AL9>0,AD9>0),((AL9*(AC9-AD9))/(AC9*(AL9-AD9))),0) -> 0.88868879 | AJ9: 168 | AK9: 0.087 | AL9: 0.2134 | AM9: 0.2206 | AN9: =AJ9*(1-AK9)*AL9 -> 32.732146 | AO9: =AJ9*(1-AK9)*AM9 -> 33.83651 | AP9: 1.6 | AR9: =AR8+AJ9-AQ9 -> 1236
B10: 3 | C10: Николинка Мутафова | D10: 20214 | E10: 0 | F10: 16348 | G10: 2.8 | H10: 5.9 | I10: 17496 | J10: 6.4 | K10: 16211 | L10: 0.083 | M10: =ROUND(K10*(1-L10),0) -> 14865 | N10: 0.696 | O10: =M10*N10 -> 10346.04 | P10: 0.228 | Q10: =M10*P10 -> 3389.22 | R10: 0.076 | S10: 0.2177 | T10: =M10*R10 -> 1129.74 | U10: 0.238 | V10: =M10*U10 -> 3537.87 | W10: 0.476 | X10: =M10*W10 -> 7075.74 | Y10: 0.39 | Z10: =Y10*M10 -> 5797.35 | AA10: 0.00229 | AB10: =M10*AA10 -> 34.04085 | AC10: =IF(M10>0,(AE10+AN10)/M10,0) -> 0.0024921887 | AD10: 0.00028 | AE10: =AD10*M10 -> 4.1622 | AF10: 0.2174 | AG10: =AJ10*(1-AK10)*AF10 -> 33.020886 | AH10: =IF(AND(AF10>0,AD10>0,AA10>0),((AA10-AD10)*AF10)/((AF10-AD10)*AA10),0) -> 0.87886119 | AI10: =IF(AND(AC10>0,AL10>0,AD10>0),((AL10*(AC10-AD10))/(AC10*(AL10-AD10))),0) -> 0.88879844 | AJ10: 166 | AK10: 0.085 | AL10: 0.2165 | AM10: 0.2243 | AN10: =AJ10*(1-AK10)*AL10 -> 32.884185 | AO10: =AJ10*(1-AK10)*AM10 -> 34.068927 | AP10: 1.6 | AR10: =AR9+AJ10-AQ10 -> 1402
B11: Общо | D11: =SUM(D8:D10) -> 44425 | F11: =SUM(F8:F10) -> 42116 | I11: =SUM(I8:I10) -> 45801 | K11: =SUM(K8:K10) -> 48509 | L11: =IF(K11>0,(K8*L8+K9*L9+K10*L10)/K11,0) -> 0.083999856 | M11: =M8+M9+M10 -> 44434 | N11: =IF(M11>0,O11/M11,0) -> 0.63808037 | O11: =O8+O9+O10 -> 28352.463 | P11: =IF(M11>0,Q11/M11,0) -> 0.29988741 | Q11: =Q8+Q9+Q10 -> 13325.197 | R11: =IF(M11>0,T11/M11,0) -> 0.062032228 | T11: =T8+T9+T10 -> 2756.34 | U11: =IF(M11>0,V11/M11,0) -> 0.21472267 | V11: =V8+V9+V10 -> 9540.987 | W11: =IF(M11>0,X11/M11,0) -> 0.50459689 | X11: =X8+X9+X10 -> 22421.258 | Y11: =IF(M11>0,Z11/M11,0) -> 0.38001125 | Z11: =Z8+Z9+Z10 -> 16885.42 | AA11: =IF(M11>0,AB11/M11,0) -> 0.0023532392 | AB11: =SUM(AB8:AB10) -> 104.56383 | AC11: =IF(M11>0,(AC8*M8+AC9*M9+AC10*M10)/M11,0) -> 0.0025203506 | AD11: =IF(K11>0,(K8*AD8+K9*AD9+K10*AD10)/K11,0) -> 0.00028333134 | AE11: =SUM(AE8:AE10) -> 12.58906 | AF11: =IF(K11>0,(K8*AF8+K9*AF9+K10*AF10)/K11,0) -> 0.21626843 | AG11: =SUM(AG8:AG10) -> 100.96176 | AH11: =IF(AND(AB11>0),((AB8*AH8+AB9*AH9+AB10*AH10)/AB11),0) -> 0.88075809 | AI11: =IF(AND(AC11>0,AL11>0,AD11>0),((AL11*(AC11-AD11))/(AC11*(AL11-AD11))),0) -> 0.88876478 | AJ11: =SUM(AJ8:AJ10) -> 510 | AK11: =IF(AJ11>0,(AK8*AJ8+AK9*AJ9+AK10*AJ10)/AJ11,0) -> 0.084623529 | AL11: =IF(K11>0,(AL8*K8+AL9*K9+AL10*K10)/K11,0) -> 0.2130035 | AM11: =IF(K11>0,(AM8*K8+AM9*K9+AM10*K10)/K11,0) -> 0.22083708 | AN11: =SUM(AN8:AN10) -> 99.400199 | AO11: =SUM(AO8:AO10) -> 103.06263 | AQ11: =SUM(AQ8:AQ10) -> 1120.04 | AS11: =AR10 -> 1402 | AT11: =SUM(AT8:AT10) -> 0
A12: 3 | B12: 1 | C12: Димитър Цончев | D12: 3899 | E12: 0 | F12: 8147 | G12: 2.3 | H12: 5 | I12: 9962 | J12: 8.5 | K12: 16143 | L12: 0.076 | M12: =ROUND(K12*(1-L12),0) -> 14916 | N12: 0.596 | O12: =M12*N12 -> 8889.936 | P12: 0.378 | Q12: =M12*P12 -> 5638.248 | R12: 0.026 | S12: 0.1873 | T12: =M12*R12 -> 387.816 | U12: 0.21 | V12: =M12*U12 -> 3132.36 | W12: 0.501 | X12: =M12*W12 -> 7472.916 | Y12: 0.39 | Z12: =Y12*M12 -> 5817.24 | AA12: 0.00244 | AB12: =M12*AA12 -> 36.39504 | AC12: =IF(M12>0,(AE12+AN12)/M12,0) -> 0.0026126926 | AD12: 0.00028 | AE12: =AD12*M12 -> 4.17648 | AF12: 0.2117 | AG12: =AJ12*(1-AK12)*AF12 -> 34.517262 | AH12: =IF(AND(AF12>0,AD12>0,AA12>0),((AA12-AD12)*AF12)/((AF12-AD12)*AA12),0) -> 0.8864183 | AI12: =IF(AND(AC12>0,AL12>0,AD12>0),((AL12*(AC12-AD12))/(AC12*(AL12-AD12))),0) -> 0.89400388 | AJ12: 178 | AK12: 0.084 | AL12: 0.2134 | AM12: 0.2148 | AN12: =AJ12*(1-AK12)*AL12 -> 34.794443 | AO12: =AJ12*(1-AK12)*AM12 -> 35.02271 | AP12: 1.58 | AQ12: 1000.34 | AR12: =AR10+AJ12-AQ12 -> 579.66
B13: 2 | C13: Иванка Копаранска | D13: 20366 | E13: 2 | F13: 14795 | G13: 2 | H13: 5 | I13: 16667 | J13: 7.8 | K13: 16116 | L13: 0.079 | M13: =ROUND(K13*(1-L13),0) -> 14843 | N13: 0.614 | O13: =M13*N13 -> 9113.602 | P13: 0.359 | Q13: =M13*P13 -> 5328.637 | R13: 0.027 | S13: 0.2043 | T13: =M13*R13 -> 400.761 | U13: 0.203 | V13: =M13*U13 -> 3013.129 | W13: 0.507 | X13: =M13*W13 -> 7525.401 | Y13: 0.39 | Z13: =Y13*M13 -> 5788.77 | AA13: 0.00247 | AB13: =M13*AA13 -> 36.66221 | AC13: =IF(M13>0,(AE13+AN13)/M13,0) -> 0.0027489337 | AD13: 0.00027 | AE13: =AD13*M13 -> 4.00761 | AF13: 0.2108 | AG13: =AJ13*(1-AK13)*AF13 -> 36.759936 | AH13: =IF(AND(AF13>0,AD13>0,AA13>0),((AA13-AD13)*AF13)/((AF13-AD13)*AA13),0) -> 0.89183055 | AI13: =IF(AND(AC13>0,AL13>0,AD13>0),((AL13*(AC13-AD13))/(AC13*(AL13-AD13))),0) -> 0.90293551 | AJ13: 191 | AK13: 0.087 | AL13: 0.211 | AM13: 0.2108 | AN13: =AJ13*(1-AK13)*AL13 -> 36.794813 | AO13: =AJ13*(1-AK13)*AM13 -> 36.759936 | AP13: 1.6 | AR13: =AR12+AJ13-AQ13 -> 770.66
B14: 3 | C14: Цвета Владова | D14: 17375 | E14: 1 | F14: 16111 | G14: 1.7 | H14: 5 | I14: 17673 | J14: 7.5 | K14: 16130 | L14: 0.086 | M14: =ROUND(K14*(1-L14),0) -> 14743 | N14: 0.54 | O14: =M14*N14 -> 7961.22 | P14: 0.397 | Q14: =M14*P14 -> 5852.971 | R14: 0.063 | S14: 0.205 | T14: =M14*R14 -> 928.809 | U14: 0.224 | V14: =M14*U14 -> 3302.432 | W14: 0.489 | X14: =M14*W14 -> 7209.327 | Y14: 0.39 | Z14: =Y14*M14 -> 5749.77 | AA14: 0.00236 | AB14: =M14*AA14 -> 34.79348 | AC14: =IF(M14>0,(AE14+AN14)/M14,0) -> 0.0026690904 | AD14: 0.00027 | AE14: =AD14*M14 -> 3.98061 | AF14: 0.2156 | AG14: =AJ14*(1-AK14)*AF14 -> 35.66757 | AH14: =IF(AND(AF14>0,AD14>0,AA14>0),((AA14-AD14)*AF14)/((AF14-AD14)*AA14),0) -> 0.88670366 | AI14: =IF(AND(AC14>0,AL14>0,AD14>0),((AL14*(AC14-AD14))/(AC14*(AL14-AD14))),0) -> 0.89997849 | AJ14: 181 | AK14: 0.086 | AL14: 0.2138 | AM14: 0.2153 | AN14: =AJ14*(1-AK14)*AL14 -> 35.369789 | AO14: =AJ14*(1-AK14)*AM14 -> 35.61794 | AP14: 1.6 | AR14: =AR13+AJ14-AQ14 -> 951.66
B15: Общо | D15: =SUM(D12:D14) -> 41640 | F15: =SUM(F12:F14) -> 39053 | I15: =SUM(I12:I14) -> 44302 | K15: =SUM(K12:K14) -> 48389 | L15: =IF(K15>0,(K12*L12+K13*L13+K14*L14)/K15,0) -> 0.080332555 | M15: =M12+M13+M14 -> 44502 | N15: =IF(M15>0,O15/M15,0) -> 0.58345149 | O15: =O12+O13+O14 -> 25964.758 | P15: =IF(M15>0,Q15/M15,0) -> 0.37795731 | Q15: =Q12+Q13+Q14 -> 16819.856 | R15: =IF(M15>0,T15/M15,0) -> 0.038591209 | T15: =T12+T13+T14 -> 1717.386 | U15: =IF(M15>0,V15/M15,0) -> 0.21230329 | V15: =V12+V13+V14 -> 9447.921 | W15: =IF(M15>0,X15/M15,0) -> 0.49902575 | X15: =X12+X13+X14 -> 22207.644 | Y15: =IF(M15>0,Z15/M15,0) -> 0.39 | Z15: =Z12+Z13+Z14 -> 17355.78 | AA15: =IF(M15>0,AB15/M15,0) -> 0.002423503 | AB15: =SUM(AB12:AB14) -> 107.85073 | AC15: =IF(M15>0,(AC12*M12+AC13*M13+AC14*M14)/M15,0) -> 0.0026768178 | AD15: =IF(K15>0,(K12*AD12+K13*AD13+K14*AD14)/K15,0) -> 0.00027333609 | AE15: =SUM(AE12:AE14) -> 12.1647 | AF15: =IF(K15>0,(K12*AF12+K13*AF13+K14*AF14)/K15,0) -> 0.21270028 | AG15: =SUM(AG12:AG14) -> 106.94477 | AH15: =IF(AND(AB15>0),((AB12*AH12+AB13*AH13+AB14*AH14)/AB15),0) -> 0.88835017 | AI15: =IF(AND(AC15>0,AL15>0,AD15>0),((AL15*(AC15-AD15))/(AC15*(AL15-AD15))),0) -> 0.89904283 | AJ15: =SUM(AJ12:AJ14) -> 550 | AK15: =IF(AJ15>0,(AK12*AJ12+AK13*AJ13+AK14*AJ14)/AJ15,0) -> 0.0857 | AL15: =IF(K15>0,(AL12*K12+AL13*K13+AL14*K14)/K15,0) -> 0.21273401 | AM15: =IF(K15>0,(AM12*K12+AM13*K13+AM14*K14)/K15,0) -> 0.21363447 | AN15: =SUM(AN12:AN14) -> 106.95905 | AO15: =SUM(AO12:AO14) -> 107.40059 | AQ15: =SUM(AQ12:AQ14) -> 1000.34 | AS15: =AR14 -> 951.66 | AT15: =SUM(AT12:AT14) -> 0
A16: 4 | B16: 1 | C16: Георги Томов | D16: 12100 | E16: 0 | F16: 15839 | G16: 1.6 | H16: 3.9 | I16: 17263 | J16: 7 | K16: 16115 | L16: 0.082 | M16: =ROUND(K16*(1-L16),0) -> 14794 | N16: 0.581 | O16: =M16*N16 -> 8595.314 | P16: 0.366 | Q16: =M16*P16 -> 5414.604 | R16: 0.053 | S16: 0.207 | T16: =M16*R16 -> 784.082 | U16: 0.203 | V16: =M16*U16 -> 3003.182 | W16: 0.5 | X16: =M16*W16 -> 7397 | Y16: 0.39 | Z16: =Y16*M16 -> 5769.66 | AA16: 0.00245 | AB16: =M16*AA16 -> 36.2453 | AC16: =IF(M16>0,(AE16+AN16)/M16,0) -> 0.0025011805 | AD16: 0.00028 | AE16: =AD16*M16 -> 4.14232 | AF16: 0.2142 | AG16: =AJ16*(1-AK16)*AF16 -> 32.998795 | AH16: =IF(AND(AF16>0,AD16>0,AA16>0),((AA16-AD16)*AF16)/((AF16-AD16)*AA16),0) -> 0.8868736 | AI16: =IF(AND(AC16>0,AL16>0,AD16>0),((AL16*(AC16-AD16))/(AC16*(AL16-AD16))),0) -> 0.88922015 | AJ16: 168 | AK16: 0.083 | AL16: 0.2133 | AM16: 0.2133 | AN16: =AJ16*(1-AK16)*AL16 -> 32.860145 | AO16: =AJ16*(1-AK16)*AM16 -> 32.860145 | AP16: 1.55 | AR16: =AR14+AJ16-AQ16 -> 1119.66
B17: 2 | C17: Иванка Копаранска | D17: 19265 | E17: 2 | F17: 15284 | G17: 0.9 | H17: 4.4 | I17: 17470 | J17: 6.7 | K17: 16166 | L17: 0.085 | M17: =ROUND(K17*(1-L17),0) -> 14792 | N17: 0.638 | O17: =M17*N17 -> 9437.296 | P17: 0.301 | Q17: =M17*P17 -> 4452.392 | R17: 0.061 | S17: 0.2057 | T17: =M17*R17 -> 902.312 | U17: 0.199 | V17: =M17*U17 -> 2943.608 | W17: 0.516 | X17: =M17*W17 -> 7632.672 | Y17: 0.38 | Z17: =Y17*M17 -> 5620.96 | AA17: 0.00245 | AB17: =M17*AA17 -> 36.2404 | AC17: =IF(M17>0,(AE17+AN17)/M17,0) -> 0.0026826051 | AD17: 0.00028 | AE17: =AD17*M17 -> 4.14176 | AF17: 0.222 | AG17: =AJ17*(1-AK17)*AF17 -> 35.993304 | AH17: =IF(AND(AF17>0,AD17>0,AA17>0),((AA17-AD17)*AF17)/((AF17-AD17)*AA17),0) -> 0.88683281 | AI17: =IF(AND(AC17>0,AL17>0,AD17>0),((AL17*(AC17-AD17))/(AC17*(AL17-AD17))),0) -> 0.89676935 | AJ17: 177 | AK17: 0.084 | AL17: 0.2192 | AM17: 0.2249 | AN17: =AJ17*(1-AK17)*AL17 -> 35.539334 | AO17: =AJ17*(1-AK17)*AM17 -> 36.463487 | AP17: 1.6 | AR17: =AR16+AJ17-AQ17 -> 1296.66
B18: 3 | C18: Цвета Владова | D18: 17875 | E18: 1 | F18: 15652 | G18: 1.2 | H18: 5.3 | I18: 17476 | J18: 6.2 | K18: 16148 | L18: 0.082 | M18: =ROUND(K18*(1-L18),0) -> 14824 | N18: 0.724 | O18: =M18*N18 -> 10732.576 | P18: 0.255 | Q18: =M18*P18 -> 3780.12 | R18: 0.021 | S18: 0.2066 | T18: =M18*R18 -> 311.304 | U18: 0.205 | V18: =M18*U18 -> 3038.92 | W18: 0.5 | X18: =M18*W18 -> 7412 | Y18: 0.39 | Z18: =Y18*M18 -> 5781.36 | AA18: 0.0025 | AB18: =M18*AA18 -> 37.06 | AC18: =IF(M18>0,(AE18+AN18)/M18,0) -> 0.0028660577 | AD18: 0.00028 | AE18: =AD18*M18 -> 4.15072 | AF18: 0.2176 | AG18: =AJ18*(1-AK18)*AF18 -> 38.583962 | AH18: =IF(AND(AF18>0,AD18>0,AA18>0),((AA18-AD18)*AF18)/((AF18-AD18)*AA18),0) -> 0.88914412 | AI18: =IF(AND(AC18>0,AL18>0,AD18>0),((AL18*(AC18-AD18))/(AC18*(AL18-AD18))),0) -> 0.90347492 | AJ18: 194 | AK18: 0.086 | AL18: 0.2162 | AM18: 0.2118 | AN18: =AJ18*(1-AK18)*AL18 -> 38.335719 | AO18: =AJ18*(1-AK18)*AM18 -> 37.555529 | AP18: 1.6 | AR18: =AR17+AJ18-AQ18 -> 1490.66
B19: Общо | D19: =SUM(D16:D18) -> 49240 | F19: =SUM(F16:F18) -> 46775 | I19: =SUM(I16:I18) -> 52209 | K19: =SUM(K16:K18) -> 48429 | L19: =IF(K19>0,(K16*L16+K17*L17+K18*L18)/K19,0) -> 0.083001425 | M19: =M16+M17+M18 -> 44410 | N19: =IF(M19>0,O19/M19,0) -> 0.64771867 | O19: =O16+O17+O18 -> 28765.186 | P19: =IF(M19>0,Q19/M19,0) -> 0.30729827 | Q19: =Q16+Q17+Q18 -> 13647.116 | R19: =IF(M19>0,T19/M19,0) -> 0.044983067 | T19: =T16+T17+T18 -> 1997.698 | U19: =IF(M19>0,V19/M19,0) -> 0.20233528 | V19: =V16+V17+V18 -> 8985.71 | W19: =IF(M19>0,X19/M19,0) -> 0.50532925 | X19: =X16+X17+X18 -> 22441.672 | Y19: =IF(M19>0,Z19/M19,0) -> 0.38666922 | Z19: =Z16+Z17+Z18 -> 17171.98 | AA19: =IF(M19>0,AB19/M19,0) -> 0.0024666899 | AB19: =SUM(AB16:AB18) -> 109.5457 | AC19: =IF(M19>0,(AC16*M16+AC17*M17+AC18*M18)/M19,0) -> 0.0026834046 | AD19: =IF(K19>0,(K16*AD16+K17*AD17+K18*AD18)/K19,0) -> 0.00028 | AE19: =SUM(AE16:AE18) -> 12.4348 | AF19: =IF(K19>0,(K16*AF16+K17*AF17+K18*AF18)/K19,0) -> 0.21793739 | AG19: =SUM(AG16:AG18) -> 107.57606 | AH19: =IF(AND(AB19>0),((AB16*AH16+AB17*AH17+AB18*AH18)/AB19),0) -> 0.88762824 | AI19: =IF(AND(AC19>0,AL19>0,AD19>0),((AL19*(AC19-AD19))/(AC19*(AL19-AD19))),0) -> 0.89681621 | AJ19: =SUM(AJ16:AJ18) -> 539 | AK19: =IF(AJ19>0,(AK16*AJ16+AK17*AJ17+AK18*AJ18)/AJ19,0) -> 0.084408163 | AL19: =IF(K19>0,(AL16*K16+AL17*K17+AL18*K18)/K19,0) -> 0.21623643 | AM19: =IF(K19>0,(AM16*K16+AM17*K17+AM18*K18)/K19,0) -> 0.21667202 | AN19: =SUM(AN16:AN18) -> 106.7352 | AO19: =SUM(AO16:AO18) -> 106.87916 | AQ19: =SUM(AQ16:AQ18) -> 0 | AS19: =AR18 -> 1490.66 | AT19: =SUM(AT16:AT18) -> 0
A20: 5 | B20: 1 | C20: Георги Томов | D20: 12600 | E20: 0 | F20: 15540 | G20: 1.2 | H20: 4.6 | I20: 17368 | J20: 6 | K20: 16152 | L20: 0.079 | M20: =ROUND(K20*(1-L20),0) -> 14876 | N20: 0.723 | O20: =M20*N20 -> 10755.348 | P20: 0.254 | Q20: =M20*P20 -> 3778.504 | R20: 0.022 | S20: 0.2044 | T20: =M20*R20 -> 327.272 | U20: 0.202 | V20: =M20*U20 -> 3004.952 | W20: 0.516 | X20: =M20*W20 -> 7676.016 | Y20: 0.39 | Z20: =Y20*M20 -> 5801.64 | AA20: 0.00248 | AB20: =M20*AA20 -> 36.89248 | AC20: =IF(M20>0,(AE20+AN20)/M20,0) -> 0.0025649009 | AD20: 0.00029 | AE20: =AD20*M20 -> 4.31404 | AF20: 0.2177 | AG20: =AJ20*(1-AK20)*AF20 -> 35.334669 | AH20: =IF(AND(AF20>0,AD20>0,AA20>0),((AA20-AD20)*AF20)/((AF20-AD20)*AA20),0) -> 0.88424242 | AI20: =IF(AND(AC20>0,AL20>0,AD20>0),((AL20*(AC20-AD20))/(AC20*(AL20-AD20))),0) -> 0.88817055 | AJ20: 177 | AK20: 0.083 | AL20: 0.2085 | AM20: 0.2169 | AN20: =AJ20*(1-AK20)*AL20 -> 33.841426 | AO20: =AJ20*(1-AK20)*AM20 -> 35.204822 | AP20: 1.65 | AR20: =AR18+AJ20-AQ20-AS20+AS20+AS20 -> 1667.66
B21: 2 | C21: Николинка Мутафова | D21: 18255 | E21: 2 | F21: 15522 | G21: 1.6 | H21: 5.4 | I21: 17479 | J21: 5.5 | K21: 16149 | L21: 0.086 | M21: =ROUND(K21*(1-L21),0) -> 14760 | N21: 0.686 | O21: =M21*N21 -> 10125.36 | P21: 0.235 | Q21: =M21*P21 -> 3468.6 | R21: 0.079 | S21: 0.2049 | T21: =M21*R21 -> 1166.04 | U21: 0.2 | V21: =M21*U21 -> 2952 | W21: 0.514 | X21: =M21*W21 -> 7586.64 | Y21: 0.38 | Z21: =Y21*M21 -> 5608.8 | AA21: 0.00258 | AB21: =M21*AA21 -> 38.0808 | AC21: =IF(M21>0,(AE21+AN21)/M21,0) -> 0.0027512119 | AD21: 0.00029 | AE21: =AD21*M21 -> 4.2804 | AF21: 0.2123 | AG21: =AJ21*(1-AK21)*AF21 -> 35.938144 | AH21: =IF(AND(AF21>0,AD21>0,AA21>0),((AA21-AD21)*AF21)/((AF21-AD21)*AA21),0) -> 0.88881101 | AI21: =IF(AND(AC21>0,AL21>0,AD21>0),((AL21*(AC21-AD21))/(AC21*(AL21-AD21))),0) -> 0.89580245 | AJ21: 184 | AK21: 0.08 | AL21: 0.2146 | AM21: 0.2141 | AN21: =AJ21*(1-AK21)*AL21 -> 36.327488 | AO21: =AJ21*(1-AK21)*AM21 -> 36.242848 | AP21: 1.65 | AR21: =AR20+AJ21-AQ21 -> 1851.66
B22: 3 | C22: Цвета Владова | D22: 17795 | E22: 1 | F22: 15273 | G22: 1.3 | H22: 3.3 | I22: 16953 | J22: 5.6 | K22: 16101 | L22: 0.078 | M22: =ROUND(K22*(1-L22),0) -> 14845 | N22: 0.528 | O22: =M22*N22 -> 7838.16 | P22: 0.334 | Q22: =M22*P22 -> 4958.23 | R22: 0.138 | S22: 0.2112 | T22: =M22*R22 -> 2048.61 | U22: 0.206 | V22: =M22*U22 -> 3058.07 | W22: 0.505 | X22: =M22*W22 -> 7496.725 | Y22: 0.39 | Z22: =Y22*M22 -> 5789.55 | AA22: 0.00245 | AB22: =M22*AA22 -> 36.37025 | AC22: =IF(M22>0,(AE22+AN22)/M22,0) -> 0.0028349729 | AD22: 0.00029 | AE22: =AD22*M22 -> 4.30505 | AF22: 0.2176 | AG22: =AJ22*(1-AK22)*AF22 -> 38.541747 | AH22: =IF(AND(AF22>0,AD22>0,AA22>0),((AA22-AD22)*AF22)/((AF22-AD22)*AA22),0) -> 0.88280919 | AI22: =IF(AND(AC22>0,AL22>0,AD22>0),((AL22*(AC22-AD22))/(AC22*(AL22-AD22))),0) -> 0.89892842 | AJ22: 194 | AK22: 0.087 | AL22: 0.2133 | AM22: 0.2174 | AN22: =AJ22*(1-AK22)*AL22 -> 37.780123 | AO22: =AJ22*(1-AK22)*AM22 -> 38.506323 | AP22: 1.6 | AR22: =AR21+AJ22-AQ22 -> 2045.66
B23: Общо | D23: =SUM(D20:D22) -> 48650 | F23: =SUM(F20:F22) -> 46335 | I23: =SUM(I20:I22) -> 51800 | K23: =SUM(K20:K22) -> 48402 | L23: =IF(K23>0,(K20*L20+K21*L21+K22*L22)/K23,0) -> 0.081002851 | M23: =M20+M21+M22 -> 44481 | N23: =IF(M23>0,O23/M23,0) -> 0.64564349 | O23: =O20+O21+O22 -> 28718.868 | P23: =IF(M23>0,Q23/M23,0) -> 0.27439433 | Q23: =Q20+Q21+Q22 -> 12205.334 | R23: =IF(M23>0,T23/M23,0) -> 0.079627751 | T23: =T20+T21+T22 -> 3541.922 | U23: =IF(M23>0,V23/M23,0) -> 0.2026713 | V23: =V20+V21+V22 -> 9015.022 | W23: =IF(M23>0,X23/M23,0) -> 0.51166523 | X23: =X20+X21+X22 -> 22759.381 | Y23: =IF(M23>0,Z23/M23,0) -> 0.38668173 | Z23: =Z20+Z21+Z22 -> 17199.99 | AA23: =IF(M23>0,AB23/M23,0) -> 0.0025031706 | AB23: =SUM(AB20:AB22) -> 111.34353 | AC23: =IF(M23>0,(AC20*M20+AC21*M21+AC22*M22)/M23,0) -> 0.0027168572 | AD23: =IF(K23>0,(K20*AD20+K21*AD21+K22*AD22)/K23,0) -> 0.00029 | AE23: =SUM(AE20:AE22) -> 12.89949 | AF23: =IF(K23>0,(K20*AF20+K21*AF21+K22*AF22)/K23,0) -> 0.21586506 | AG23: =SUM(AG20:AG22) -> 109.81456 | AH23: =IF(AND(AB23>0),((AB20*AH20+AB21*AH21+AB22*AH22)/AB23),0) -> 0.88533677 | AI23: =IF(AND(AC23>0,AL23>0,AD23>0),((AL23*(AC23-AD23))/(AC23*(AL23-AD23))),0) -> 0.89448184 | AJ23: =SUM(AJ20:AJ22) -> 555 | AK23: =IF(AJ23>0,(AK20*AJ20+AK21*AJ21+AK22*AJ22)/AJ23,0) -> 0.083403604 | AL23: =IF(K23>0,(AL20*K20+AL21*K21+AL22*K22)/K23,0) -> 0.21213195 | AM23: =IF(K23>0,(AM20*K20+AM21*K21+AM22*K22)/K23,0) -> 0.21613212 | AN23: =SUM(AN20:AN22) -> 107.94904 | AO23: =SUM(AO20:AO22) -> 109.95399 | AQ23: =SUM(AQ20:AQ22) -> 0 | AS23: =AR22 -> 2045.66 | AT23: =SUM(AT20:AT22) -> 0
A24: 6 | B24: 1 | C24: Георги Томов | D24: 5200 | E24: 0 | F24: 9029 | G24: 2.7 | H24: 4.8 | I24: 10313 | J24: 7.5 | K24: 16161 | L24: 0.084 | M24: =ROUND(K24*(1-L24),0) -> 14803 | N24: 0.552 | O24: =M24*N24 -> 8171.256 | P24: 0.326 | Q24: =M24*P24 -> 4825.778 | R24: 0.122 | S24: 0.2045 | T24: =M24*R24 -> 1805.966 | U24: 0.206 | V24: =M24*U24 -> 3049.418 | W24: 0.512 | X24: =M24*W24 -> 7579.136 | Y24: 0.39 | Z24: =Y24*M24 -> 5773.17 | AA24: 0.00255 | AB24: =M24*AA24 -> 37.74765 | AC24: =IF(M24>0,(AE24+AN24)/M24,0) -> 0.0027238133 | AD24: 0.00029 | AE24: =AD24*M24 -> 4.29287 | AF24: 0.2103 | AG24: =AJ24*(1-AK24)*AF24 -> 36.062034 | AH24: =IF(AND(AF24>0,AD24>0,AA24>0),((AA24-AD24)*AF24)/((AF24-AD24)*AA24),0) -> 0.88749835 | AI24: =IF(AND(AC24>0,AL24>0,AD24>0),((AL24*(AC24-AD24))/(AC24*(AL24-AD24))),0) -> 0.89476666 | AJ24: 187 | AK24: 0.083 | AL24: 0.2101 | AM24: 0.2098 | AN24: =AJ24*(1-AK24)*AL24 -> 36.027738 | AO24: =AJ24*(1-AK24)*AM24 -> 35.976294 | AP24: 1.55 | AQ24: 1004.3 | AR24: =AR22+AJ24-AQ24 -> 1228.36
B25: 2 | C25: Николинка Мутафова | D25: 19655 | E25: 2 | F25: 14497 | G25: 1.9 | H25: 5.4 | I25: 15896 | J25: 7.4 | K25: 16300 | L25: 0.091 | M25: =ROUND(K25*(1-L25),0) -> 14817 | N25: 0.726 | O25: =M25*N25 -> 10757.142 | P25: 0.192 | Q25: =M25*P25 -> 2844.864 | R25: 0.082 | S25: 0.2146 | T25: =M25*R25 -> 1214.994 | U25: 0.209 | V25: =M25*U25 -> 3096.753 | W25: 0.505 | X25: =M25*W25 -> 7482.585 | Y25: 0.38 | Z25: =Y25*M25 -> 5630.46 | AA25: 0.00239 | AB25: =M25*AA25 -> 35.41263 | AC25: =IF(M25>0,(AE25+AN25)/M25,0) -> 0.0025750729 | AD25: 0.00029 | AE25: =AD25*M25 -> 4.29693 | AF25: 0.2196 | AG25: =AJ25*(1-AK25)*AF25 -> 34.598419 | AH25: =IF(AND(AF25>0,AD25>0,AA25>0),((AA25-AD25)*AF25)/((AF25-AD25)*AA25),0) -> 0.87982297 | AI25: =IF(AND(AC25>0,AL25>0,AD25>0),((AL25*(AC25-AD25))/(AC25*(AL25-AD25))),0) -> 0.88858094 | AJ25: 172 | AK25: 0.084 | AL25: 0.2149 | AM25: 0.2261 | AN25: =AJ25*(1-AK25)*AL25 -> 33.857925 | AO25: =AJ25*(1-AK25)*AM25 -> 35.622507 | AP25: 1.6 | AR25: =AR24+AJ25-AQ25 -> 1400.36
B26: 3 | C26: Димитър Цончев | D26: 16170 | E26: 1 | F26: 14228 | G26: 1.6 | H26: 5.8 | I26: 16477 | J26: 7.5 | K26: 16309 | L26: 0.075 | M26: =ROUND(K26*(1-L26),0) -> 15086 | N26: 0.681 | O26: =M26*N26 -> 10273.566 | P26: 0.252 | Q26: =M26*P26 -> 3801.672 | R26: 0.067 | S26: 0.2131 | T26: =M26*R26 -> 1010.762 | U26: 0.211 | V26: =M26*U26 -> 3183.146 | W26: 0.504 | X26: =M26*W26 -> 7603.344 | Y26: 0.38 | Z26: =Y26*M26 -> 5732.68 | AA26: 0.00244 | AB26: =M26*AA26 -> 36.80984 | AC26: =IF(M26>0,(AE26+AN26)/M26,0) -> 0.0024103463 | AD26: 0.00029 | AE26: =AD26*M26 -> 4.37494 | AF26: 0.2233 | AG26: =AJ26*(1-AK26)*AF26 -> 32.931391 | AH26: =IF(AND(AF26>0,AD26>0,AA26>0),((AA26-AD26)*AF26)/((AF26-AD26)*AA26),0) -> 0.88229338 | AI26: =IF(AND(AC26>0,AL26>0,AD26>0),((AL26*(AC26-AD26))/(AC26*(AL26-AD26))),0) -> 0.88086307 | AJ26: 161 | AK26: 0.084 | AL26: 0.2169 | AM26: 0.2338 | AN26: =AJ26*(1-AK26)*AL26 -> 31.987544 | AO26: =AJ26*(1-AK26)*AM26 -> 34.479889 | AP26: 1.6 | AR26: =AR25+AJ26-AQ26 -> 1561.36
B27: Общо | D27: =SUM(D24:D26) -> 41025 | F27: =SUM(F24:F26) -> 37754 | I27: =SUM(I24:I26) -> 42686 | K27: =SUM(K24:K26) -> 48770 | L27: =IF(K27>0,(K24*L24+K25*L25+K26*L26)/K27,0) -> 0.083329895 | M27: =M24+M25+M26 -> 44706 | N27: =IF(M27>0,O27/M27,0) -> 0.65320011 | O27: =O24+O25+O26 -> 29201.964 | P27: =IF(M27>0,Q27/M27,0) -> 0.25661687 | Q27: =Q24+Q25+Q26 -> 11472.314 | R27: =IF(M27>0,T27/M27,0) -> 0.090183018 | T27: =T24+T25+T26 -> 4031.722 | U27: =IF(M27>0,V27/M27,0) -> 0.20868154 | V27: =V24+V25+V26 -> 9329.317 | W27: =IF(M27>0,X27/M27,0) -> 0.50698038 | X27: =X24+X25+X26 -> 22665.065 | Y27: =IF(M27>0,Z27/M27,0) -> 0.38331119 | Z27: =Z24+Z25+Z26 -> 17136.31 | AA27: =IF(M27>0,AB27/M27,0) -> 0.0024598515 | AB27: =SUM(AB24:AB26) -> 109.97012 | AC27: =IF(M27>0,(AC24*M24+AC25*M25+AC26*M26)/M27,0) -> 0.0025687368 | AD27: =IF(K27>0,(K24*AD24+K25*AD25+K26*AD26)/K27,0) -> 0.00029 | AE27: =SUM(AE24:AE26) -> 12.96474 | AF27: =IF(K27>0,(K24*AF24+K25*AF25+K26*AF26)/K27,0) -> 0.21775555 | AG27: =SUM(AG24:AG26) -> 103.59184 | AH27: =IF(AND(AB27>0),((AB24*AH24+AB25*AH25+AB26*AH26)/AB27),0) -> 0.88328448 | AI27: =IF(AND(AC27>0,AL27>0,AD27>0),((AL27*(AC27-AD27))/(AC27*(AL27-AD27))),0) -> 0.88830795 | AJ27: =SUM(AJ24:AJ26) -> 520 | AK27: =IF(AJ27>0,(AK24*AJ24+AK25*AJ25+AK26*AJ26)/AJ27,0) -> 0.083640385 | AL27: =IF(K27>0,(AL24*K24+AL25*K25+AL26*K26)/K27,0) -> 0.21397823 | AM27: =IF(K27>0,(AM24*K24+AM25*K25+AM26*K26)/K27,0) -> 0.22327357 | AN27: =SUM(AN24:AN26) -> 101.87321 | AO27: =SUM(AO24:AO26) -> 106.07869 | AQ27: =SUM(AQ24:AQ26) -> 1004.3 | AS27: =AR26 -> 1561.36 | AT27: =SUM(AT24:AT26) -> 0
A28: 7 | B28: 1 | C28: Иванка Копаранска | D28: 5400 | E28: 0 | F28: 13089 | G28: 1.3 | H28: 5 | I28: 14605 | J28: 7.7 | K28: 16230 | L28: 0.081 | M28: =ROUND(K28*(1-L28),0) -> 14915 | N28: 0.586 | O28: =M28*N28 -> 8740.19 | P28: 0.37 | Q28: =M28*P28 -> 5518.55 | R28: 0.044 | S28: 0.2125 | T28: =M28*R28 -> 656.26 | U28: 0.214 | V28: =M28*U28 -> 3191.81 | W28: 0.496 | X28: =M28*W28 -> 7397.84 | Y28: 0.38 | Z28: =Y28*M28 -> 5667.7 | AA28: 0.00256 | AB28: =M28*AA28 -> 38.1824 | AC28: =IF(M28>0,(AE28+AN28)/M28,0) -> 0.0028129761 | AD28: 0.0003 | AE28: =AD28*M28 -> 4.4745 | AF28: 0.2194 | AG28: =AJ28*(1-AK28)*AF28 -> 38.301536 | AH28: =IF(AND(AF28>0,AD28>0,AA28>0),((AA28-AD28)*AF28)/((AF28-AD28)*AA28),0) -> 0.88402128 | AI28: =IF(AND(AC28>0,AL28>0,AD28>0),((AL28*(AC28-AD28))/(AC28*(AL28-AD28))),0) -> 0.89460141 | AJ28: 191 | AK28: 0.086 | AL28: 0.2147 | AM28: 0.2199 | AN28: =AJ28*(1-AK28)*AL28 -> 37.481038 | AO28: =AJ28*(1-AK28)*AM28 -> 38.388823 | AP28: 1.68 | AQ28: 1001.52 | AR28: =AR26+AJ28-AQ28 -> 750.84
B29: 2 | C29: Николинка Мутафова | D29: 20335 | E29: 4 | F29: 14258 | G29: 3.1 | H29: 5.9 | I29: 15584 | J29: 7.8 | K29: 16415 | L29: 0.078 | M29: =ROUND(K29*(1-L29),0) -> 15135 | N29: 0.73 | O29: =M29*N29 -> 11048.55 | P29: 0.183 | Q29: =M29*P29 -> 2769.705 | R29: 0.087 | S29: 0.2155 | T29: =M29*R29 -> 1316.745 | U29: 0.218 | V29: =M29*U29 -> 3299.43 | W29: 0.491 | X29: =M29*W29 -> 7431.285 | Y29: 0.39 | Z29: =Y29*M29 -> 5902.65 | AA29: 0.00255 | AB29: =M29*AA29 -> 38.59425 | AC29: =IF(M29>0,(AE29+AN29)/M29,0) -> 0.0025084224 | AD29: 0.0003 | AE29: =AD29*M29 -> 4.5405 | AF29: 0.2189 | AG29: =AJ29*(1-AK29)*AF29 -> 33.686083 | AH29: =IF(AND(AF29>0,AD29>0,AA29>0),((AA29-AD29)*AF29)/((AF29-AD29)*AA29),0) -> 0.88356386 | AI29: =IF(AND(AC29>0,AL29>0,AD29>0),((AL29*(AC29-AD29))/(AC29*(AL29-AD29))),0) -> 0.88162063 | AJ29: 168 | AK29: 0.084 | AL29: 0.2172 | AM29: 0.2281 | AN29: =AJ29*(1-AK29)*AL29 -> 33.424474 | AO29: =AJ29*(1-AK29)*AM29 -> 35.101853 | AP29: 1.6 | AR29: =AR28+AJ29-AQ29 -> 918.84
B30: 3 | C30: Димитър Цончев | D30: 20965 | E30: 1 | F30: 15004 | G30: 3.5 | H30: 8.2 | I30: 17496 | J30: 7.5 | K30: 16322 | L30: 0.075 | M30: =ROUND(K30*(1-L30),0) -> 15098 | N30: 0.582 | O30: =M30*N30 -> 8787.036 | P30: 0.344 | Q30: =M30*P30 -> 5193.712 | R30: 0.074 | S30: 0.2187 | T30: =M30*R30 -> 1117.252 | U30: 0.218 | V30: =M30*U30 -> 3291.364 | W30: 0.504 | X30: =M30*W30 -> 7609.392 | Y30: 0.39 | Z30: =Y30*M30 -> 5888.22 | AA30: 0.00258 | AB30: =M30*AA30 -> 38.95284 | AC30: =IF(M30>0,(AE30+AN30)/M30,0) -> 0.0026855836 | AD30: 0.0003 | AE30: =AD30*M30 -> 4.5294 | AF30: 0.2163 | AG30: =AJ30*(1-AK30)*AF30 -> 37.36496 | AH30: =IF(AND(AF30>0,AD30>0,AA30>0),((AA30-AD30)*AF30)/((AF30-AD30)*AA30),0) -> 0.88494832 | AI30: =IF(AND(AC30>0,AL30>0,AD30>0),((AL30*(AC30-AD30))/(AC30*(AL30-AD30))),0) -> 0.8895724 | AJ30: 189 | AK30: 0.086 | AL30: 0.2085 | AM30: 0.2317 | AN30: =AJ30*(1-AK30)*AL30 -> 36.017541 | AO30: =AJ30*(1-AK30)*AM30 -> 40.025248 | AP30: 1.6 | AR30: =AR29+AJ30-AQ30 -> 1107.84
B31: Общо | D31: =SUM(D28:D30) -> 46700 | F31: =SUM(F28:F30) -> 42351 | I31: =SUM(I28:I30) -> 47685 | K31: =SUM(K28:K30) -> 48967 | L31: =IF(K31>0,(K28*L28+K29*L29+K30*L30)/K31,0) -> 0.077994364 | M31: =M28+M29+M30 -> 45148 | N31: =IF(M31>0,O31/M31,0) -> 0.63293559 | O31: =O28+O29+O30 -> 28575.776 | P31: =IF(M31>0,Q31/M31,0) -> 0.29861715 | Q31: =Q28+Q29+Q30 -> 13481.967 | R31: =IF(M31>0,T31/M31,0) -> 0.068447262 | T31: =T28+T29+T30 -> 3090.257 | U31: =IF(M31>0,V31/M31,0) -> 0.21667857 | V31: =V28+V29+V30 -> 9782.604 | W31: =IF(M31>0,X31/M31,0) -> 0.49699914 | X31: =X28+X29+X30 -> 22438.517 | Y31: =IF(M31>0,Z31/M31,0) -> 0.38669642 | Z31: =Z28+Z29+Z30 -> 17458.57 | AA31: =IF(M31>0,AB31/M31,0) -> 0.0025633359 | AB31: =SUM(AB28:AB30) -> 115.72949 | AC31: =IF(M31>0,(AC28*M28+AC29*M29+AC30*M30)/M31,0) -> 0.0026682788 | AD31: =IF(K31>0,(K28*AD28+K29*AD29+K30*AD30)/K31,0) -> 0.0003 | AE31: =SUM(AE28:AE30) -> 13.5444 | AF31: =IF(K31>0,(K28*AF28+K29*AF29+K30*AF30)/K31,0) -> 0.21819907 | AG31: =SUM(AG28:AG30) -> 109.35258 | AH31: =IF(AND(AB31>0),((AB28*AH28+AB29*AH29+AB30*AH30)/AB31),0) -> 0.88418076 | AI31: =IF(AND(AC31>0,AL31>0,AD31>0),((AL31*(AC31-AD31))/(AC31*(AL31-AD31))),0) -> 0.88881706 | AJ31: =SUM(AJ28:AJ30) -> 548 | AK31: =IF(AJ31>0,(AK28*AJ28+AK29*AJ29+AK30*AJ30)/AJ31,0) -> 0.085386861 | AL31: =IF(K31>0,(AL28*K28+AL29*K29+AL30*K30)/K31,0) -> 0.21347144 | AM31: =IF(L31>0,(AM28*K28+AM29*K29+AM30*K30)/K31,0) -> 0.2265821 | AN31: =SUM(AN28:AN30) -> 106.92305 | AO31: =SUM(AO28:AO30) -> 113.51592 | AQ31: =SUM(AQ28:AQ30) -> 1001.52 | AS31: =AR30 -> 1107.84 | AT31: =SUM(AT28:AT30) -> 0
A32: 8 | B32: 1 | C32: Иванка Копаранска | D32: 4597 | E32: 0 | F32: 9978 | G32: 4.7 | H32: 8 | I32: 11331 | J32: 8.7 | K32: 15098 | L32: 0.08 | M32: =ROUND(K32*(1-L32),0) -> 13890 | N32: 0.739 | O32: =M32*N32 -> 10264.71 | P32: 0.227 | Q32: =M32*P32 -> 3153.03 | R32: 0.034 | S32: 0.2075 | T32: =M32*R32 -> 472.26 | U32: 0.205 | V32: =M32*U32 -> 2847.45 | W32: 0.505 | X32: =M32*W32 -> 7014.45 | Y32: 0.37 | Z32: =Y32*M32 -> 5139.3 | AA32: 0.00264 | AB32: =M32*AA32 -> 36.6696 | AC32: =IF(M32>0,(AE32+AN32)/M32,0) -> 0.0026848865 | AD32: 0.00031 | AE32: =AD32*M32 -> 4.3059 | AF32: 0.2149 | AG32: =AJ32*(1-AK32)*AF32 -> 33.391162 | AH32: =IF(AND(AF32>0,AD32>0,AA32>0),((AA32-AD32)*AF32)/((AF32-AD32)*AA32),0) -> 0.88385074 | AI32: =IF(AND(AC32>0,AL32>0,AD32>0),((AL32*(AC32-AD32))/(AC32*(AL32-AD32))),0) -> 0.88583237 | AJ32: 170 | AK32: 0.086 | AL32: 0.2123 | AM32: 0.2174 | AN32: =AJ32*(1-AK32)*AL32 -> 32.987174 | AO32: =AJ32*(1-AK32)*AM32 -> 33.779612 | AP32: 1.6 | AQ32: 501.62 | AR32: =AR30+AJ32-AQ32+AS32 -> 764.8 | AS32: -11.42
B33: 2 | C33: Цвета Владова | D33: 22298 | E33: 1 | F33: 14760 | G33: 2.1 | H33: 4.7 | I33: 15659 | J33: 8 | K33: 15036 | L33: 0.09 | M33: =ROUND(K33*(1-L33),0) -> 13683 | N33: 0.694 | O33: =M33*N33 -> 9496.002 | P33: 0.218 | Q33: =M33*P33 -> 2982.894 | R33: 0.088 | S33: 0.205 | T33: =M33*R33 -> 1204.104 | U33: 0.209 | V33: =M33*U33 -> 2859.747 | W33: 0.506 | X33: =M33*W33 -> 6923.598 | Y33: 0.39 | Z33: =Y33*M33 -> 5336.37 | AA33: 0.00254 | AB33: =M33*AA33 -> 34.75482 | AC33: =IF(M33>0,(AE33+AN33)/M33,0) -> 0.0028754312 | AD33: 0.00031 | AE33: =AD33*M33 -> 4.24173 | AF33: 0.217 | AG33: =AJ33*(1-AK33)*AF33 -> 35.34713 | AH33: =IF(AND(AF33>0,AD33>0,AA33>0),((AA33-AD33)*AF33)/((AF33-AD33)*AA33),0) -> 0.87920877 | AI33: =IF(AND(AC33>0,AL33>0,AD33>0),((AL33*(AC33-AD33))/(AC33*(AL33-AD33))),0) -> 0.89347536 | AJ33: 179 | AK33: 0.09 | AL33: 0.2155 | AM33: 0.227 | AN33: =AJ33*(1-AK33)*AL33 -> 35.102795 | AO33: =AJ33*(1-AK33)*AM33 -> 36.97603 | AP33: 1.6 | AR33: =AR32+AJ33-AQ33 -> 943.8
B34: 3 | C34: Димитър Цончев | D34: 15855 | E34: 1 | F34: 14704 | G34: 0.7 | H34: 3.2 | I34: 16400 | J34: 7.7 | K34: 15000 | L34: 0.079 | M34: =ROUND(K34*(1-L34),0) -> 13815 | N34: 0.683 | O34: =M34*N34 -> 9435.645 | P34: 0.21 | Q34: =M34*P34 -> 2901.15 | R34: 0.107 | S34: 0.2044 | T34: =M34*R34 -> 1478.205 | U34: 0.21 | V34: =M34*U34 -> 2901.15 | W34: 0.507 | X34: =M34*W34 -> 7004.205 | Y34: 0.39 | Z34: =Y34*M34 -> 5387.85 | AA34: 0.00264 | AB34: =M34*AA34 -> 36.4716 | AC34: =IF(M34>0,(AE34+AN34)/M34,0) -> 0.0027607392 | AD34: 0.00031 | AE34: =AD34*M34 -> 4.28265 | AF34: 0.2142 | AG34: =AJ34*(1-AK34)*AF34 -> 34.41937 | AH34: =IF(AND(AF34>0,AD34>0,AA34>0),((AA34-AD34)*AF34)/((AF34-AD34)*AA34),0) -> 0.88385491 | AI34: =IF(AND(AC34>0,AL34>0,AD34>0),((AL34*(AC34-AD34))/(AC34*(AL34-AD34))),0) -> 0.88901923 | AJ34: 176 | AK34: 0.087 | AL34: 0.2107 | AM34: 0.2183 | AN34: =AJ34*(1-AK34)*AL34 -> 33.856962 | AO34: =AJ34*(1-AK34)*AM34 -> 35.07819 | AP34: 1.6 | AR34: =AR33+AJ34-AQ34 -> 1119.8
B35: Общо | D35: =SUM(D32:D34) -> 42750 | F35: =SUM(F32:F34) -> 39442 | I35: =SUM(I32:I34) -> 43390 | K35: =SUM(K32:K34) -> 45134 | L35: =IF(K35>0,(K32*L32+K33*L33+K34*L34)/K35,0) -> 0.082999069 | M35: =M32+M33+M34 -> 41388 | N35: =IF(M35>0,O35/M35,0) -> 0.70543049 | O35: =O32+O33+O34 -> 29196.357 | P35: =IF(M35>0,Q35/M35,0) -> 0.2183501 | Q35: =Q32+Q33+Q34 -> 9037.074 | R35: =IF(M35>0,T35/M35,0) -> 0.076219411 | T35: =T32+T33+T34 -> 3154.569 | U35: =IF(M35>0,V35/M35,0) -> 0.20799137 | V35: =V32+V33+V34 -> 8608.347 | W35: =IF(M35>0,X35/M35,0) -> 0.50599819 | X35: =X32+X33+X34 -> 20942.253 | Y35: =IF(M35>0,Z35/M35,0) -> 0.38328791 | Z35: =Z32+Z33+Z34 -> 15863.52 | AA35: =IF(M35>0,AB35/M35,0) -> 0.0026069397 | AB35: =SUM(AB32:AB34) -> 107.89602 | AC35: =IF(M35>0,(AC32*M32+AC33*M33+AC34*M34)/M35,0) -> 0.0027732002 | AD35: =IF(K35>0,(K32*AD32+K33*AD33+K34*AD34)/K35,0) -> 0.00031 | AE35: =SUM(AE32:AE34) -> 12.83028 | AF35: =IF(K35>0,(K32*AF32+K33*AF33+K34*AF34)/K35,0) -> 0.21536696 | AG35: =SUM(AG32:AG34) -> 103.15766 | AH35: =IF(AND(AB35>0),((AB32*AH32+AB33*AH33+AB34*AH34)/AB35),0) -> 0.88235691 | AI35: =IF(AND(AC35>0,AL35>0,AD35>0),((AL35*(AC35-AD35))/(AC35*(AL35-AD35))),0) -> 0.88951139 | AJ35: =SUM(AJ32:AJ34) -> 525 | AK35: =IF(AJ35>0,(AK32*AJ32+AK33*AJ33+AK34*AJ34)/AJ35,0) -> 0.087699048 | AL35: =IF(K35>0,(AL32*K32+AL33*K33+AL34*K34)/K35,0) -> 0.2128343 | AM35: =IF(L35>0,(AM32*K32+AM33*K33+AM34*K34)/K35,0) -> 0.22089727 | AN35: =SUM(AN32:AN34) -> 101.94693 | AO35: =SUM(AO32:AO34) -> 105.83383 | AQ35: =SUM(AQ32:AQ34) -> 501.62 | AS35: =AR34 -> 1119.8 | AT35: =SUM(AT32:AT34) -> 0
A36: 9 | B36: 1 | C36: Иванка Копаранска | D36: 3349 | E36: 0 | F36: 13259 | G36: 1.3 | H36: 4 | I36: 14984 | J36: 7.3 | K36: 14929 | L36: 0.081 | M36: =ROUND(K36*(1-L36),0) -> 13720 | N36: 0.595 | O36: =M36*N36 -> 8163.4 | P36: 0.242 | Q36: =M36*P36 -> 3320.24 | R36: 0.163 | S36: 0.2097 | T36: =M36*R36 -> 2236.36 | U36: 0.212 | V36: =M36*U36 -> 2908.64 | W36: 0.509 | X36: =M36*W36 -> 6983.48 | Y36: 0.4 | Z36: =Y36*M36 -> 5488 | AA36: 0.0027 | AB36: =M36*AA36 -> 37.044 | AC36: =IF(M36>0,(AE36+AN36)/M36,0) -> 0.0027284864 | AD36: 0.00033 | AE36: =AD36*M36 -> 4.5276 | AF36: 0.2128 | AG36: =AJ36*(1-AK36)*AF36 -> 32.374754 | AH36: =IF(AND(AF36>0,AD36>0,AA36>0),((AA36-AD36)*AF36)/((AF36-AD36)*AA36),0) -> 0.87914111 | AI36: =IF(AND(AC36>0,AL36>0,AD36>0),((AL36*(AC36-AD36))/(AC36*(AL36-AD36))),0) -> 0.88039701 | AJ36: 167 | AK36: 0.089 | AL36: 0.2163 | AM36: 0.2259 | AN36: =AJ36*(1-AK36)*AL36 -> 32.907233 | AO36: =AJ36*(1-AK36)*AM36 -> 34.367748 | AP36: 1.6 | AQ36: 501.78 | AR36: =AR34+AJ36-AQ36 -> 785.02
B37: 2 | C37: Цвета Владова | D37: 19106 | E37: 3 | F37: 13973 | G37: 1.7 | H37: 4.6 | I37: 15076 | J37: 7.3 | K37: 14863 | L37: 0.085 | M37: =ROUND(K37*(1-L37),0) -> 13600 | N37: 0.536 | O37: =M37*N37 -> 7289.6 | P37: 0.287 | Q37: =M37*P37 -> 3903.2 | R37: 0.177 | S37: 0.2099 | T37: =M37*R37 -> 2407.2 | U37: 0.205 | V37: =M37*U37 -> 2788 | W37: 0.484 | X37: =M37*W37 -> 6582.4 | Y37: 0.39 | Z37: =Y37*M37 -> 5304 | AA37: 0.00254 | AB37: =M37*AA37 -> 34.544 | AC37: =IF(M37>0,(AE37+AN37)/M37,0) -> 0.0030947346 | AD37: 0.00032 | AE37: =AD37*M37 -> 4.352 | AF37: 0.2114 | AG37: =AJ37*(1-AK37)*AF37 -> 38.408632 | AH37: =IF(AND(AF37>0,AD37>0,AA37>0),((AA37-AD37)*AF37)/((AF37-AD37)*AA37),0) -> 0.87534077 | AI37: =IF(AND(AC37>0,AL37>0,AD37>0),((AL37*(AC37-AD37))/(AC37*(AL37-AD37))),0) -> 0.89798207 | AJ37: 199 | AK37: 0.087 | AL37: 0.2077 | AM37: 0.2094 | AN37: =AJ37*(1-AK37)*AL37 -> 37.73639 | AO37: =AJ37*(1-AK37)*AM37 -> 38.045258 | AP37: 1.6 | AR37: =AR36+AJ37-AQ37 -> 984.02
B38: 3 | C38: Димитър Цончев | D38: 19695 | E38: 1 | F38: 14726 | G38: 1.6 | H38: 4.3 | I38: 16400 | J38: 6.7 | K38: 14948 | L38: 0.083 | M38: =ROUND(K38*(1-L38),0) -> 13707 | N38: 0.51 | O38: =M38*N38 -> 6990.57 | P38: 0.308 | Q38: =M38*P38 -> 4221.756 | R38: 0.182 | S38: 0.2123 | T38: =M38*R38 -> 2494.674 | U38: 0.223 | V38: =M38*U38 -> 3056.661 | W38: 0.499 | X38: =M38*W38 -> 6839.793 | Y38: 0.39 | Z38: =Y38*M38 -> 5345.73 | AA38: 0.00241 | AB38: =M38*AA38 -> 33.03387 | AC38: =IF(M38>0,(AE38+AN38)/M38,0) -> 0.0024994237 | AD38: 0.00032 | AE38: =AD38*M38 -> 4.38624 | AF38: 0.2124 | AG38: =AJ38*(1-AK38)*AF38 -> 31.027392 | AH38: =IF(AND(AF38>0,AD38>0,AA38>0),((AA38-AD38)*AF38)/((AF38-AD38)*AA38),0) -> 0.86852843 | AI38: =IF(AND(AC38>0,AL38>0,AD38>0),((AL38*(AC38-AD38))/(AC38*(AL38-AD38))),0) -> 0.87333708 | AJ38: 160 | AK38: 0.087 | AL38: 0.2045 | AM38: 0.206 | AN38: =AJ38*(1-AK38)*AL38 -> 29.87336 | AO38: =AJ38*(1-AK38)*AM38 -> 30.09248 | AP38: 1.6 | AR38: =AR37+AJ38-AQ38 -> 1144.02
B39: Общо | D39: =SUM(D36:D38) -> 42150 | F39: =SUM(F36:F38) -> 41958 | I39: =SUM(I36:I38) -> 46460 | K39: =SUM(K36:K38) -> 44740 | L39: =IF(K39>0,(K36*L36+K37*L37+K38*L38)/K39,0) -> 0.08299705 | M39: =M36+M37+M38 -> 41027 | N39: =IF(M39>0,O39/M39,0) -> 0.5470439 | O39: =O36+O37+O38 -> 22443.57 | P39: =IF(M39>0,Q39/M39,0) -> 0.27896741 | Q39: =Q36+Q37+Q38 -> 11445.196 | R39: =IF(M39>0,T39/M39,0) -> 0.17398869 | T39: =T36+T37+T38 -> 7138.234 | U39: =IF(M39>0,V39/M39,0) -> 0.21335464 | V39: =V36+V37+V38 -> 8753.301 | W39: =IF(M39>0,X39/M39,0) -> 0.4973718 | X39: =X36+X37+X38 -> 20405.673 | Y39: =IF(M39>0,Z39/M39,0) -> 0.39334414 | Z39: =Z36+Z37+Z38 -> 16137.73 | AA39: =IF(M39>0,AB39/M39,0) -> 0.0025500736 | AB39: =SUM(AB36:AB38) -> 104.62187 | AC39: =IF(M39>0,(AC36*M36+AC37*M37+AC38*M38)/M39,0) -> 0.0027733644 | AD39: =IF(K39>0,(K36*AD36+K37*AD37+K38*AD38)/K39,0) -> 0.00032333684 | AE39: =SUM(AE36:AE38) -> 13.26584 | AF39: =IF(K39>0,(K36*AF36+K37*AF37+K38*AF38)/K39,0) -> 0.21220127 | AG39: =SUM(AG36:AG38) -> 101.81078 | AH39: =IF(AND(AB39>0),((AB36*AH36+AB37*AH37+AB38*AH38)/AB39),0) -> 0.87453541 | AI39: =IF(AND(AC39>0,AL39>0,AD39>0),((AL39*(AC39-AD39))/(AC39*(AL39-AD39))),0) -> 0.88477905 | AJ39: =SUM(AJ36:AJ38) -> 526 | AK39: =IF(AJ39>0,(AK36*AJ36+AK37*AJ37+AK38*AJ38)/AJ39,0) -> 0.087634981 | AL39: =IF(K39>0,(AL36*K36+AL37*K37+AL38*K38)/K39,0) -> 0.20950053 | AM39: =IF(L39>0,(AM36*K36+AM37*K37+AM38*K38)/K39,0) -> 0.21376981 | AN39: =SUM(AN36:AN38) -> 100.51698 | AO39: =SUM(AO36:AO38) -> 102.50549 | AQ39: =SUM(AQ36:AQ38) -> 501.78 | AS39: =AR38 -> 1144.02 | AT39: =SUM(AT36:AT38) -> 0
A40: 10 | B40: 1 | C40: Николинка Мутафова | D40: 5564 | E40: 0 | F40: 9982 | G40: 1.8 | H40: 4.8 | I40: 11529 | J40: 7.8 | K40: 14993 | L40: 0.079 | M40: =ROUND(K40*(1-L40),0) -> 13809 | N40: 0.557 | O40: =M40*N40 -> 7691.613 | P40: 0.317 | Q40: =M40*P40 -> 4377.453 | R40: 0.126 | S40: 0.2114 | T40: =M40*R40 -> 1739.934 | U40: 0.204 | V40: =M40*U40 -> 2817.036 | W40: 0.517 | X40: =M40*W40 -> 7139.253 | Y40: 0.39 | Z40: =Y40*M40 -> 5385.51 | AA40: 0.00243 | AB40: =M40*AA40 -> 33.55587 | AC40: =IF(M40>0,(AE40+AN40)/M40,0) -> 0.0026179841 | AD40: 0.00032 | AE40: =AD40*M40 -> 4.41888 | AF40: 0.2147 | AG40: =AJ40*(1-AK40)*AF40 -> 33.250589 | AH40: =IF(AND(AF40>0,AD40>0,AA40>0),((AA40-AD40)*AF40)/((AF40-AD40)*AA40),0) -> 0.86960887 | AI40: =IF(AND(AC40>0,AL40>0,AD40>0),((AL40*(AC40-AD40))/(AC40*(AL40-AD40))),0) -> 0.87914154 | AJ40: 170 | AK40: 0.089 | AL40: 0.2049 | AM40: 0.2119 | AN40: =AJ40*(1-AK40)*AL40 -> 31.732863 | AO40: =AJ40*(1-AK40)*AM40 -> 32.816953 | AP40: 1.6 | AQ40: 501.98 | AR40: =AR38+AJ40-AQ40 -> 812.04
B41: 2 | C41: Иванка Копаранска | D41: 20041 | E41: 3 | F41: 16579 | G41: 1.8 | H41: 5.2 | I41: 17517 | J41: 7.7 | K41: 15965 | L41: 0.073 | M41: =ROUND(K41*(1-L41),0) -> 14800 | N41: 0.555 | O41: =M41*N41 -> 8214 | P41: 0.337 | Q41: =M41*P41 -> 4987.6 | R41: 0.108 | S41: 0.2155 | T41: =M41*R41 -> 1598.4 | U41: 0.22 | V41: =M41*U41 -> 3256 | W41: 0.5 | X41: =M41*W41 -> 7400 | Y41: 0.39 | Z41: =Y41*M41 -> 5772 | AA41: 0.00233 | AB41: =M41*AA41 -> 34.484 | AC41: =IF(M41>0,(AE41+AN41)/M41,0) -> 0.0026222012 | AD41: 0.00031 | AE41: =AD41*M41 -> 4.588 | AF41: 0.2163 | AG41: =AJ41*(1-AK41)*AF41 -> 34.604539 | AH41: =IF(AND(AF41>0,AD41>0,AA41>0),((AA41-AD41)*AF41)/((AF41-AD41)*AA41),0) -> 0.86819709 | AI41: =IF(AND(AC41>0,AL41>0,AD41>0),((AL41*(AC41-AD41))/(AC41*(AL41-AD41))),0) -> 0.88305851 | AJ41: 176 | AK41: 0.091 | AL41: 0.2139 | AM41: 0.2178 | AN41: =AJ41*(1-AK41)*AL41 -> 34.220578 | AO41: =AJ41*(1-AK41)*AM41 -> 34.844515 | AP41: 1.65 | AR41: =AR40+AJ41-AQ41 -> 988.04
B42: 3 | C42: Цвета Владова | D42: 18200 | E42: 1 | F42: 14162 | G42: 2 | H42: 4.5 | I42: 15887 | J42: 7.6 | K42: 16199 | L42: 0.074 | M42: =ROUND(K42*(1-L42),0) -> 15000 | N42: 0.556 | O42: =M42*N42 -> 8340 | P42: 0.256 | Q42: =M42*P42 -> 3840 | R42: 0.188 | S42: 0.2113 | T42: =M42*R42 -> 2820 | U42: 0.216 | V42: =M42*U42 -> 3240 | W42: 0.502 | X42: =M42*W42 -> 7530 | Y42: 0.39 | Z42: =Y42*M42 -> 5850 | AA42: 0.00221 | AB42: =M42*AA42 -> 33.15 | AC42: =IF(M42>0,(AE42+AN42)/M42,0) -> 0.00220958 | AD42: 0.00031 | AE42: =AD42*M42 -> 4.65 | AF42: 0.2174 | AG42: =AJ42*(1-AK42)*AF42 -> 29.150731 | AH42: =IF(AND(AF42>0,AD42>0,AA42>0),((AA42-AD42)*AF42)/((AF42-AD42)*AA42),0) -> 0.86095618 | AI42: =IF(AND(AC42>0,AL42>0,AD42>0),((AL42*(AC42-AD42))/(AC42*(AL42-AD42))),0) -> 0.86095783 | AJ42: 148 | AK42: 0.094 | AL42: 0.2125 | AM42: 0.2142 | AN42: =AJ42*(1-AK42)*AL42 -> 28.4937 | AO42: =AJ42*(1-AK42)*AM42 -> 28.72165 | AP42: 1.6 | AR42: =AR41+AJ42-AQ42 -> 1136.04
B43: Общо | D43: =SUM(D40:D42) -> 43805 | F43: =SUM(F40:F42) -> 40723 | I43: =SUM(I40:I42) -> 44933 | K43: =SUM(K40:K42) -> 47157 | L43: =IF(K43>0,(K40*L40+K41*L41+K42*L42)/K43,0) -> 0.07525114 | M43: =M40+M41+M42 -> 43609 | N43: =IF(M43>0,O43/M43,0) -> 0.55597728 | O43: =O40+O41+O42 -> 24245.613 | P43: =IF(M43>0,Q43/M43,0) -> 0.30280568 | Q43: =Q40+Q41+Q42 -> 13205.053 | R43: =IF(M43>0,T43/M43,0) -> 0.14121704 | T43: =T40+T41+T42 -> 6158.334 | U43: =IF(M43>0,V43/M43,0) -> 0.21355766 | V43: =V40+V41+V42 -> 9313.036 | W43: =IF(M43>0,X43/M43,0) -> 0.50607106 | X43: =X40+X41+X42 -> 22069.253 | Y43: =IF(M43>0,Z43/M43,0) -> 0.39 | Z43: =Z40+Z41+Z42 -> 17007.51 | AA43: =IF(M43>0,AB43/M43,0) -> 0.0023203896 | AB43: =SUM(AB40:AB42) -> 101.18987 | AC43: =IF(M43>0,(AC40*M40+AC41*M41+AC42*M42)/M43,0) -> 0.0024789383 | AD43: =IF(K43>0,(K40*AD40+K41*AD41+K42*AD42)/K43,0) -> 0.00031317938 | AE43: =SUM(AE40:AE42) -> 13.65688 | AF43: =IF(K43>0,(K40*AF40+K41*AF41+K42*AF42)/K43,0) -> 0.21616916 | AG43: =SUM(AG40:AG42) -> 97.005859 | AH43: =IF(AND(AB43>0),((AB40*AH40+AB41*AH41+AB42*AH42)/AB43),0) -> 0.86629312 | AI43: =IF(AND(AC43>0,AL43>0,AD43>0),((AL43*(AC43-AD43))/(AC43*(AL43-AD43))),0) -> 0.87496531 | AJ43: =SUM(AJ40:AJ42) -> 494 | AK43: =IF(AJ43>0,(AK40*AJ40+AK41*AJ41+AK42*AJ42)/AJ43,0) -> 0.091210526 | AL43: =IF(K43>0,(AL40*K40+AL41*K41+AL42*K42)/K43,0) -> 0.21055764 | AM43: =IF(L43>0,(AM40*K40+AM41*K41+AM42*K42)/K43,0) -> 0.21468752 | AN43: =SUM(AN40:AN42) -> 94.447141 | AO43: =SUM(AO40:AO42) -> 96.383118 | AQ43: =SUM(AQ40:AQ42) -> 501.98 | AS43: =AR42 -> 1136.04 | AT43: =SUM(AT40:AT42) -> 0
A44: 11 | B44: 1 | C44: Николинка Мутафова | D44: 15275 | E44: 0 | F44: 16248 | G44: 2.5 | H44: 5 | I44: 18637 | J44: 6.8 | K44: 16541 | L44: 0.085 | M44: =ROUND(K44*(1-L44),0) -> 15135 | N44: 0.574 | O44: =M44*N44 -> 8687.49 | P44: 0.312 | Q44: =M44*P44 -> 4722.12 | R44: 0.114 | S44: 0.2192 | T44: =M44*R44 -> 1725.39 | U44: 0.217 | V44: =M44*U44 -> 3284.295 | W44: 0.505 | X44: =M44*W44 -> 7643.175 | Y44: 0.39 | Z44: =Y44*M44 -> 5902.65 | AA44: 0.00233 | AB44: =M44*AA44 -> 35.26455 | AC44: =IF(M44>0,(AE44+AN44)/M44,0) -> 0.0024094586 | AD44: 0.00032 | AE44: =AD44*M44 -> 4.8432 | AF44: 0.2176 | AG44: =AJ44*(1-AK44)*AF44 -> 32.276608 | AH44: =IF(AND(AF44>0,AD44>0,AA44>0),((AA44-AD44)*AF44)/((AF44-AD44)*AA44),0) -> 0.86393143 | AI44: =IF(AND(AC44>0,AL44>0,AD44>0),((AL44*(AC44-AD44))/(AC44*(AL44-AD44))),0) -> 0.86849364 | AJ44: 163 | AK44: 0.09 | AL44: 0.2132 | AM44: 0.2165 | AN44: =AJ44*(1-AK44)*AL44 -> 31.623956 | AO44: =AJ44*(1-AK44)*AM44 -> 32.113445 | AP44: 1.55 | AR44: =AR42+AJ44-AQ44 -> 1299.04
B45: 2 | C45: Димитър Цончев | D45: 20070 | E45: 3 | F45: 17197 | G45: 2 | H45: 4.3 | I45: 18637 | J45: 6.6 | K45: 16951 | L45: 0.072 | M45: =ROUND(K45*(1-L45),0) -> 15731 | N45: 0.564 | O45: =M45*N45 -> 8872.284 | P45: 0.309 | Q45: =M45*P45 -> 4860.879 | R45: 0.127 | S45: 0.2253 | T45: =M45*R45 -> 1997.837 | U45: 0.23 | V45: =M45*U45 -> 3618.13 | W45: 0.494 | X45: =M45*W45 -> 7771.114 | Y45: 0.39 | Z45: =Y45*M45 -> 6135.09 | AA45: 0.00234 | AB45: =M45*AA45 -> 36.81054 | AC45: =IF(M45>0,(AE45+AN45)/M45,0) -> 0.0023402953 | AD45: 0.00033 | AE45: =AD45*M45 -> 5.19123 | AF45: 0.2198 | AG45: =AJ45*(1-AK45)*AF45 -> 32.802952 | AH45: =IF(AND(AF45>0,AD45>0,AA45>0),((AA45-AD45)*AF45)/((AF45-AD45)*AA45),0) -> 0.86026593 | AI45: =IF(AND(AC45>0,AL45>0,AD45>0),((AL45*(AC45-AD45))/(AC45*(AL45-AD45))),0) -> 0.86033198 | AJ45: 164 | AK45: 0.09 | AL45: 0.2119 | AM45: 0.2135 | AN45: =AJ45*(1-AK45)*AL45 -> 31.623956 | AO45: =AJ45*(1-AK45)*AM45 -> 31.86274 | AP45: 1.6 | AR45: =AR44+AJ45-AQ45 -> 1463.04
B46: 3 | C46: Цвета Владова | D46: 17200 | E46: 1 | F46: 14350 | G46: 1.1 | H46: 3.6 | I46: 16753 | J46: 6.5 | K46: 17151 | L46: 0.078 | M46: =ROUND(K46*(1-L46),0) -> 15813 | N46: 0.682 | O46: =M46*N46 -> 10784.466 | P46: 0.228 | Q46: =M46*P46 -> 3605.364 | R46: 0.09 | S46: 0.2115 | T46: =M46*R46 -> 1423.17 | U46: 0.228 | V46: =M46*U46 -> 3605.364 | W46: 0.5 | X46: =M46*W46 -> 7906.5 | Y46: 0.4 | Z46: =Y46*M46 -> 6325.2 | AA46: 0.0025 | AB46: =M46*AA46 -> 39.5325 | AC46: =IF(M46>0,(AE46+AN46)/M46,0) -> 0.0023766859 | AD46: 0.0003 | AE46: =AD46*M46 -> 4.7439 | AF46: 0.2208 | AG46: =AJ46*(1-AK46)*AF46 -> 34.396445 | AH46: =IF(AND(AF46>0,AD46>0,AA46>0),((AA46-AD46)*AF46)/((AF46-AD46)*AA46),0) -> 0.88119728 | AI46: =IF(AND(AC46>0,AL46>0,AD46>0),((AL46*(AC46-AD46))/(AC46*(AL46-AD46))),0) -> 0.8750191 | AJ46: 171 | AK46: 0.089 | AL46: 0.2108 | AM46: 0.2105 | AN46: =AJ46*(1-AK46)*AL46 -> 32.838635 | AO46: =AJ46*(1-AK46)*AM46 -> 32.7919 | AP46: 1.6 | AR46: =AR45+AJ46-AQ46 -> 1634.04
B47: Общо | D47: =SUM(D44:D46) -> 52545 | F47: =SUM(F44:F46) -> 47795 | I47: =SUM(I44:I46) -> 54027 | K47: =SUM(K44:K46) -> 50643 | L47: =IF(K47>0,(K44*L44+K45*L45+K46*L46)/K47,0) -> 0.078278044 | M47: =M44+M45+M46 -> 46679 | N47: =IF(M47>0,O47/M47,0) -> 0.60721609 | O47: =O44+O45+O46 -> 28344.24 | P47: =IF(M47>0,Q47/M47,0) -> 0.28253311 | Q47: =Q44+Q45+Q46 -> 13188.363 | R47: =IF(M47>0,T47/M47,0) -> 0.1102508 | T47: =T44+T45+T46 -> 5146.397 | U47: =IF(M47>0,V47/M47,0) -> 0.22510741 | V47: =V44+V45+V46 -> 10507.789 | W47: =IF(M47>0,X47/M47,0) -> 0.49959916 | X47: =X44+X45+X46 -> 23320.789 | Y47: =IF(M47>0,Z47/M47,0) -> 0.3933876 | Z47: =Z44+Z45+Z46 -> 18362.94 | AA47: =IF(M47>0,AB47/M47,0) -> 0.0023909593 | AB47: =SUM(AB44:AB46) -> 111.60759 | AC47: =IF(M47>0,(AC44*M44+AC45*M45+AC46*M46)/M47,0) -> 0.0023750482 | AD47: =IF(K47>0,(K44*AD44+K45*AD45+K46*AD46)/K47,0) -> 0.00031657386 | AE47: =SUM(AE44:AE46) -> 14.77833 | AF47: =IF(K47>0,(K44*AF44+K45*AF45+K46*AF46)/K47,0) -> 0.2194201 | AG47: =SUM(AG44:AG46) -> 99.476005 | AH47: =IF(AND(AB47>0),((AB44*AH44+AB45*AH45+AB46*AH46)/AB47),0) -> 0.8688382 | AI47: =IF(AND(AC47>0,AL47>0,AD47>0),((AL47*(AC47-AD47))/(AC47*(AL47-AD47))),0) -> 0.86800491 | AJ47: =SUM(AJ44:AJ46) -> 498 | AK47: =IF(AJ47>0,(AK44*AJ44+AK45*AJ45+AK46*AJ46)/AJ47,0) -> 0.089656627 | AL47: =IF(K47>0,(AL44*K44+AL45*K45+AL46*K46)/K47,0) -> 0.21195207 | AM47: =IF(L47>0,(AM44*K44+AM45*K45+AM46*K46)/K47,0) -> 0.21346386 | AN47: =SUM(AN44:AN46) -> 96.086547 | AO47: =SUM(AO44:AO46) -> 96.768086 | AQ47: =SUM(AQ44:AQ46) -> 0 | AS47: =AR46 -> 1634.04 | AT47: =SUM(AT44:AT46) -> 0
A48: 12 | B48: 1 | C48: Николинка Мутафова | D48: 12900 | E48: 0 | F48: 15224 | G48: 1.8 | H48: 4.7 | I48: 16379 | J48: 6.8 | K48: 16856 | L48: 0.093 | M48: =ROUND(K48*(1-L48),0) -> 15288 | N48: 0.575 | O48: =M48*N48 -> 8790.6 | P48: 0.32 | Q48: =M48*P48 -> 4892.16 | R48: 0.105 | S48: 0.2043 | T48: =M48*R48 -> 1605.24 | U48: 0.234 | V48: =M48*U48 -> 3577.392 | W48: 0.49 | X48: =M48*W48 -> 7491.12 | Y48: 0.38 | Z48: =Y48*M48 -> 5809.44 | AA48: 0.00269 | AB48: =M48*AA48 -> 41.12472 | AC48: =IF(M48>0,(AE48+AN48)/M48,0) -> 0.0027329852 | AD48: 0.00033 | AE48: =AD48*M48 -> 5.04504 | AF48: 0.2206 | AG48: =AJ48*(1-AK48)*AF48 -> 37.260443 | AH48: =IF(AND(AF48>0,AD48>0,AA48>0),((AA48-AD48)*AF48)/((AF48-AD48)*AA48),0) -> 0.87863779 | AI48: =IF(AND(AC48>0,AL48>0,AD48>0),((AL48*(AC48-AD48))/(AC48*(AL48-AD48))),0) -> 0.88058898 | AJ48: 185 | AK48: 0.087 | AL48: 0.2175 | AM48: 0.2235 | AN48: =AJ48*(1-AK48)*AL48 -> 36.736838 | AO48: =AJ48*(1-AK48)*AM48 -> 37.750267 | AP48: 1.65 | AR48: =AR46+AJ48-AQ48-AS48 -> 1819.04
B49: 2 | C49: Димитър Цончев | D49: 18900 | E49: 1 | F49: 13977 | G49: 1.4 | H49: 5.3 | I49: 15741 | J49: 7 | K49: 16562 | L49: 0.083 | M49: =ROUND(K49*(1-L49),0) -> 15187 | N49: 0.562 | O49: =M49*N49 -> 8535.094 | P49: 0.337 | Q49: =M49*P49 -> 5118.019 | R49: 0.101 | S49: 0.2257 | T49: =M49*R49 -> 1533.887 | U49: 0.213 | V49: =M49*U49 -> 3234.831 | W49: 0.509 | X49: =M49*W49 -> 7730.183 | Y49: 0.39 | Z49: =Y49*M49 -> 5922.93 | AA49: 0.00264 | AB49: =M49*AA49 -> 40.09368 | AC49: =IF(M49>0,(AE49+AN49)/M49,0) -> 0.0028309584 | AD49: 0.00034 | AE49: =AD49*M49 -> 5.16358 | AF49: 0.2181 | AG49: =AJ49*(1-AK49)*AF49 -> 39.27065 | AH49: =IF(AND(AF49>0,AD49>0,AA49>0),((AA49-AD49)*AF49)/((AF49-AD49)*AA49),0) -> 0.87257239 | AI49: =IF(AND(AC49>0,AL49>0,AD49>0),((AL49*(AC49-AD49))/(AC49*(AL49-AD49))),0) -> 0.88132556 | AJ49: 197 | AK49: 0.086 | AL49: 0.2101 | AM49: 0.2114 | AN49: =AJ49*(1-AK49)*AL49 -> 37.830186 | AO49: =AJ49*(1-AK49)*AM49 -> 38.064261 | AP49: 1.6 | AR49: =AR48+AJ49-AQ49 -> 2016.04
B50: 3 | C50: Иванка Копаранска | D50: 13800 | E50: 0 | F50: 14487 | G50: 1.8 | H50: 5.2 | I50: 16160 | J50: 6.9 | K50: 16248 | L50: 0.077 | M50: =ROUND(K50*(1-L50),0) -> 14997 | N50: 0.508 | O50: =M50*N50 -> 7618.476 | P50: 0.393 | Q50: =M50*P50 -> 5893.821 | R50: 0.099 | S50: 0.2256 | T50: =M50*R50 -> 1484.703 | U50: 0.214 | V50: =M50*U50 -> 3209.358 | W50: 0.516 | X50: =M50*W50 -> 7738.452 | Y50: 0.39 | Z50: =Y50*M50 -> 5848.83 | AA50: 0.00258 | AB50: =M50*AA50 -> 38.69226 | AC50: =IF(M50>0,(AE50+AN50)/M50,0) -> 0.0027431507 | AD50: 0.00033 | AE50: =AD50*M50 -> 4.94901 | AF50: 0.2234 | AG50: =AJ50*(1-AK50)*AF50 -> 37.447202 | AH50: =IF(AND(AF50>0,AD50>0,AA50>0),((AA50-AD50)*AF50)/((AF50-AD50)*AA50),0) -> 0.87338316 | AI50: =IF(AND(AC50>0,AL50>0,AD50>0),((AL50*(AC50-AD50))/(AC50*(AL50-AD50))),0) -> 0.88104704 | AJ50: 184 | AK50: 0.089 | AL50: 0.2159 | AM50: 0.227 | AN50: =AJ50*(1-AK50)*AL50 -> 36.190022 | AO50: =AJ50*(1-AK50)*AM50 -> 38.050648 | AP50: 1.6 | AR50: =AR49+AJ50-AQ50 -> 2200.04
B51: Общо | D51: =SUM(D48:D50) -> 45600 | F51: =SUM(F48:F50) -> 43688 | I51: =SUM(I48:I50) -> 48280 | K51: =SUM(K48:K50) -> 49666 | L51: =IF(K51>0,(K48*L48+K49*L49+K50*L50)/K51,0) -> 0.084430999 | M51: =M48+M49+M50 -> 45472 | N51: =IF(M51>0,O51/M51,0) -> 0.54856109 | O51: =O48+O49+O50 -> 24944.17 | P51: =IF(M51>0,Q51/M51,0) -> 0.34975369 | Q51: =Q48+Q49+Q50 -> 15904 | R51: =IF(M51>0,T51/M51,0) -> 0.10168521 | T51: =T48+T49+T50 -> 4623.83 | U51: =IF(M51>0,V51/M51,0) -> 0.22039015 | V51: =V48+V49+V50 -> 10021.581 | W51: =IF(M51>0,X51/M51,0) -> 0.50492072 | X51: =X48+X49+X50 -> 22959.755 | Y51: =IF(M51>0,Z51/M51,0) -> 0.38663793 | Z51: =Z48+Z49+Z50 -> 17581.2 | AA51: =IF(M51>0,AB51/M51,0) -> 0.0026370219 | AB51: =SUM(AB48:AB50) -> 119.91066 | AC51: =IF(M51>0,(AC48*M48+AC49*M49+AC50*M50)/M51,0) -> 0.0027690595 | AD51: =IF(K51>0,(K48*AD48+K49*AD49+K50*AD50)/K51,0) -> 0.00033333468 | AE51: =SUM(AE48:AE50) -> 15.15763 | AF51: =IF(K51>0,(K48*AF48+K49*AF49+K50*AF50)/K51,0) -> 0.22068234 | AG51: =SUM(AG48:AG50) -> 113.97829 | AH51: =IF(AND(AB51>0),((AB48*AH48+AB49*AH49+AB50*AH50)/AB51),0) -> 0.8749142 | AI51: =IF(AND(AC51>0,AL51>0,AD51>0),((AL51*(AC51-AD51))/(AC51*(AL51-AD51))),0) -> 0.88099071 | AJ51: =SUM(AJ48:AJ50) -> 566 | AK51: =IF(AJ51>0,(AK48*AJ48+AK49*AJ49+AK50*AJ50)/AJ51,0) -> 0.08730212 | AL51: =IF(K51>0,(AL48*K48+AL49*K49+AL50*K50)/K51,0) -> 0.21450891 | AM51: =IF(L51>0,(AM48*K48+AM49*K49+AM50*K50)/K51,0) -> 0.22061005 | AN51: =SUM(AN48:AN50) -> 110.75704 | AO51: =SUM(AO48:AO50) -> 113.86518 | AQ51: =SUM(AQ48:AQ50) -> 0 | AS51: =AR50 -> 2200.04 | AT51: =SUM(AT48:AT50) -> 0
A52: 13 | B52: 1 | C52: Цвета Владова | D52: 6000 | E52: 0 | F52: 10244 | G52: 2.1 | H52: 4 | I52: 10656 | J52: 8.1 | K52: 14831 | L52: 0.083 | M52: =ROUND(K52*(1-L52),0) -> 13600 | N52: 0.676 | O52: =M52*N52 -> 9193.6 | P52: 0.274 | Q52: =M52*P52 -> 3726.4 | R52: 0.05 | S52: 0.2162 | T52: =M52*R52 -> 680 | U52: 0.214 | V52: =M52*U52 -> 2910.4 | W52: 0.506 | X52: =M52*W52 -> 6881.6 | Y52: 0.4 | Z52: =Y52*M52 -> 5440 | AA52: 0.00256 | AB52: =M52*AA52 -> 34.816 | AC52: =IF(M52>0,(AE52+AN52)/M52,0) -> 0.0030685582 | AD52: 0.00033 | AE52: =AD52*M52 -> 4.488 | AF52: 0.2147 | AG52: =AJ52*(1-AK52)*AF52 -> 37.736531 | AH52: =IF(AND(AF52>0,AD52>0,AA52>0),((AA52-AD52)*AF52)/((AF52-AD52)*AA52),0) -> 0.87243471 | AI52: =IF(AND(AC52>0,AL52>0,AD52>0),((AL52*(AC52-AD52))/(AC52*(AL52-AD52))),0) -> 0.89384966 | AJ52: 194 | AK52: 0.094 | AL52: 0.2119 | AM52: 0.2238 | AN52: =AJ52*(1-AK52)*AL52 -> 37.244392 | AO52: =AJ52*(1-AK52)*AM52 -> 39.335983 | AP52: 1.7 | AQ52: 1000.24 | AR52: =AR50+AJ52-AQ52 -> 1393.8
B53: 2 | C53: Димитър Цончев | D53: 20100 | E53: 2 | F53: 13300 | G53: 2.4 | H53: 4.4 | I53: 14731 | J53: 8 | K53: 14710 | L53: 0.076 | M53: =ROUND(K53*(1-L53),0) -> 13592 | N53: 0.572 | O53: =M53*N53 -> 7774.624 | P53: 0.355 | Q53: =M53*P53 -> 4825.16 | R53: 0.073 | S53: 0.2115 | T53: =M53*R53 -> 992.216 | U53: 0.216 | V53: =M53*U53 -> 2935.872 | W53: 0.509 | X53: =M53*W53 -> 6918.328 | Y53: 0.39 | Z53: =Y53*M53 -> 5300.88 | AA53: 0.00255 | AB53: =M53*AA53 -> 34.6596 | AC53: =IF(M53>0,(AE53+AN53)/M53,0) -> 0.0025976802 | AD53: 0.00033 | AE53: =AD53*M53 -> 4.48536 | AF53: 0.2179 | AG53: =AJ53*(1-AK53)*AF53 -> 31.354721 | AH53: =IF(AND(AF53>0,AD53>0,AA53>0),((AA53-AD53)*AF53)/((AF53-AD53)*AA53),0) -> 0.8719087 | AI53: =IF(AND(AC53>0,AL53>0,AD53>0),((AL53*(AC53-AD53))/(AC53*(AL53-AD53))),0) -> 0.87431055 | AJ53: 159 | AK53: 0.095 | AL53: 0.2142 | AM53: 0.2155 | AN53: =AJ53*(1-AK53)*AL53 -> 30.822309 | AO53: =AJ53*(1-AK53)*AM53 -> 31.009373 | AP53: 1.6 | AR53: =AR52+AJ53-AQ53 -> 1552.8
B54: 3 | C54: Иванка Копаранска | D54: 15200 | E54: 1 | F54: 13294 | G54: 2 | H54: 5 | I54: 15162 | J54: 7.5 | K54: 14678 | L54: 0.08 | M54: =ROUND(K54*(1-L54),0) -> 13504 | N54: 0.536 | O54: =M54*N54 -> 7238.144 | P54: 0.38 | Q54: =M54*P54 -> 5131.52 | R54: 0.084 | S54: 0.2187 | T54: =M54*R54 -> 1134.336 | U54: 0.214 | V54: =M54*U54 -> 2889.856 | W54: 0.513 | X54: =M54*W54 -> 6927.552 | Y54: 0.39 | Z54: =Y54*M54 -> 5266.56 | AA54: 0.00248 | AB54: =M54*AA54 -> 33.48992 | AC54: =IF(M54>0,(AE54+AN54)/M54,0) -> 0.0026693659 | AD54: 0.00032 | AE54: =AD54*M54 -> 4.32128 | AF54: 0.2191 | AG54: =AJ54*(1-AK54)*AF54 -> 33.00632 | AH54: =IF(AND(AF54>0,AD54>0,AA54>0),((AA54-AD54)*AF54)/((AF54-AD54)*AA54),0) -> 0.87224167 | AI54: =IF(AND(AC54>0,AL54>0,AD54>0),((AL54*(AC54-AD54))/(AC54*(AL54-AD54))),0) -> 0.88146069 | AJ54: 165 | AK54: 0.087 | AL54: 0.2106 | AM54: 0.2174 | AN54: =AJ54*(1-AK54)*AL54 -> 31.725837 | AO54: =AJ54*(1-AK54)*AM54 -> 32.750223 | AP54: 1.6 | AR54: =AR53+AJ54-AQ54 -> 1717.8
B55: Общо | D55: =SUM(D52:D54) -> 41300 | F55: =SUM(F52:F54) -> 36838 | I55: =SUM(I52:I54) -> 40549 | K55: =SUM(K52:K54) -> 44219 | L55: =IF(K55>0,(K52*L52+K53*L53+K54*L54)/K55,0) -> 0.079675547 | M55: =M52+M53+M54 -> 40696 | N55: =IF(M55>0,O55/M55,0) -> 0.59480951 | O55: =O52+O53+O54 -> 24206.368 | P55: =IF(M55>0,Q55/M55,0) -> 0.33622666 | Q55: =Q52+Q53+Q54 -> 13683.08 | R55: =IF(M55>0,T55/M55,0) -> 0.068963829 | T55: =T52+T53+T54 -> 2806.552 | U55: =IF(M55>0,V55/M55,0) -> 0.21466798 | V55: =V52+V53+V54 -> 8736.128 | W55: =IF(M55>0,X55/M55,0) -> 0.50932475 | X55: =X52+X53+X54 -> 20727.48 | Y55: =IF(M55>0,Z55/M55,0) -> 0.39334185 | Z55: =Z52+Z53+Z54 -> 16007.44 | AA55: =IF(M55>0,AB55/M55,0) -> 0.002530114 | AB55: =SUM(AB52:AB54) -> 102.96552 | AC55: =IF(M55>0,(AC52*M52+AC53*M53+AC54*M54)/M55,0) -> 0.0027788278 | AD55: =IF(K55>0,(K52*AD52+K53*AD53+K54*AD54)/K55,0) -> 0.00032668061 | AE55: =SUM(AE52:AE54) -> 13.29464 | AF55: =IF(K55>0,(K52*AF52+K53*AF53+K54*AF54)/K55,0) -> 0.21722505 | AG55: =SUM(AG52:AG54) -> 102.09757 | AH55: =IF(AND(AB55>0),((AB52*AH52+AB53*AH53+AB54*AH54)/AB55),0) -> 0.87219486 | AI55: =IF(AND(AC55>0,AL55>0,AD55>0),((AL55*(AC55-AD55))/(AC55*(AL55-AD55))),0) -> 0.88379981 | AJ55: =SUM(AJ52:AJ54) -> 518 | AK55: =IF(AJ55>0,(AK52*AJ52+AK53*AJ53+AK54*AJ54)/AJ55,0) -> 0.09207722 | AL55: =IF(K55>0,(AL52*K52+AL53*K53+AL54*K54)/K55,0) -> 0.2122336 | AM55: =IF(L55>0,(AM52*K52+AM53*K53+AM54*K54)/K55,0) -> 0.21891449 | AN55: =SUM(AN52:AN54) -> 99.792538 | AO55: =SUM(AO52:AO54) -> 103.09558 | AQ55: =SUM(AQ52:AQ54) -> 1000.24 | AS55: =AR54 -> 1717.8 | AT55: =SUM(AT52:AT54) -> 0
A56: 14 | B56: 1 | C56: Цвета Владова | D56: 3500 | E56: 0 | F56: 12758 | G56: 2 | H56: 4.2 | I56: 13140 | J56: 7.8 | K56: 14500 | L56: 0.091 | M56: =ROUND(K56*(1-L56),0) -> 13181 | N56: 0.625 | O56: =M56*N56 -> 8238.125 | P56: 0.294 | Q56: =M56*P56 -> 3875.214 | R56: 0.081 | S56: 0.2098 | T56: =M56*R56 -> 1067.661 | U56: 0.208 | V56: =M56*U56 -> 2741.648 | W56: 0.5 | X56: =M56*W56 -> 6590.5 | Y56: 0.39 | Z56: =Y56*M56 -> 5140.59 | AA56: 0.00252 | AB56: =M56*AA56 -> 33.21612 | AC56: =IF(M56>0,(AE56+AN56)/M56,0) -> 0.0027945876 | AD56: 0.00032 | AE56: =AD56*M56 -> 4.21792 | AF56: 0.22 | AG56: =AJ56*(1-AK56)*AF56 -> 33.16016 | AH56: =IF(AND(AF56>0,AD56>0,AA56>0),((AA56-AD56)*AF56)/((AF56-AD56)*AA56),0) -> 0.87428756 | AI56: =IF(AND(AC56>0,AL56>0,AD56>0),((AL56*(AC56-AD56))/(AC56*(AL56-AD56))),0) -> 0.8868043 | AJ56: 166 | AK56: 0.092 | AL56: 0.2164 | AM56: 0.2238 | AN56: =AJ56*(1-AK56)*AL56 -> 32.617539 | AO56: =AJ56*(1-AK56)*AM56 -> 33.732926 | AP56: 1.6 | AQ56: 1009.54 | AR56: =AR54+AJ56-AQ56+AS56 -> 851.06 | AS56: -23.2
B57: 2 | C57: Георги Томов | D57: 19400 | E57: 2 | F57: 12071 | G57: 2.2 | H57: 5.9 | I57: 13150 | J57: 8 | K57: 14327 | L57: 0.077 | M57: =ROUND(K57*(1-L57),0) -> 13224 | N57: 0.636 | O57: =M57*N57 -> 8410.464 | P57: 0.266 | Q57: =M57*P57 -> 3517.584 | R57: 0.098 | S57: 0.2105 | T57: =M57*R57 -> 1295.952 | U57: 0.202 | V57: =M57*U57 -> 2671.248 | W57: 0.525 | X57: =M57*W57 -> 6942.6 | Y57: 0.39 | Z57: =Y57*M57 -> 5157.36 | AA57: 0.00251 | AB57: =M57*AA57 -> 33.19224 | AC57: =IF(M57>0,(AE57+AN57)/M57,0) -> 0.0027480936 | AD57: 0.00031 | AE57: =AD57*M57 -> 4.09944 | AF57: 0.2205 | AG57: =AJ57*(1-AK57)*AF57 -> 33.455142 | AH57: =IF(AND(AF57>0,AD57>0,AA57>0),((AA57-AD57)*AF57)/((AF57-AD57)*AA57),0) -> 0.87772802 | AI57: =IF(AND(AC57>0,AL57>0,AD57>0),((AL57*(AC57-AD57))/(AC57*(AL57-AD57))),0) -> 0.88849068 | AJ57: 166 | AK57: 0.086 | AL57: 0.2125 | AM57: 0.2169 | AN57: =AJ57*(1-AK57)*AL57 -> 32.24135 | AO57: =AJ57*(1-AK57)*AM57 -> 32.908936 | AP57: 1.6 | AR57: =AR56+AJ57-AQ57 -> 1017.06
B58: 3 | C58: Иванка Копаранска | D58: 18000 | E58: 0 | F58: 12333 | G58: 1.4 | H58: 6.3 | I58: 14405 | J58: 6.2 | K58: 9505 | L58: 0.08 | M58: =ROUND(K58*(1-L58),0) -> 8745 | N58: 0.67 | O58: =M58*N58 -> 5859.15 | P58: 0.276 | Q58: =M58*P58 -> 2413.62 | R58: 0.054 | S58: 0.1612 | T58: =M58*R58 -> 472.23 | U58: 0.126 | V58: =M58*U58 -> 1101.87 | W58: 0.561 | X58: =M58*W58 -> 4905.945 | Y58: 0.37 | Z58: =Y58*M58 -> 3235.65 | AA58: 0.00228 | AB58: =M58*AA58 -> 19.9386 | AC58: =IF(M58>0,(AE58+AN58)/M58,0) -> 0.0030276878 | AD58: 0.00029 | AE58: =AD58*M58 -> 2.53605 | AF58: 0.2137 | AG58: =AJ58*(1-AK58)*AF58 -> 23.361684 | AH58: =IF(AND(AF58>0,AD58>0,AA58>0),((AA58-AD58)*AF58)/((AF58-AD58)*AA58),0) -> 0.87399306 | AI58: =IF(AND(AC58>0,AL58>0,AD58>0),((AL58*(AC58-AD58))/(AC58*(AL58-AD58))),0) -> 0.90541629 | AJ58: 120 | AK58: 0.089 | AL58: 0.219 | AM58: 0.2306 | AN58: =AJ58*(1-AK58)*AL58 -> 23.94108 | AO58: =AJ58*(1-AK58)*AM58 -> 25.209192 | AP58: 1.55 | AR58: =AR57+AJ58-AQ58 -> 1137.06
B59: Общо | D59: =SUM(D56:D58) -> 40900 | F59: =SUM(F56:F58) -> 37162 | I59: =SUM(I56:I58) -> 40695 | K59: =SUM(K56:K58) -> 38332 | L59: =IF(K59>0,(K56*L56+K57*L57+K58*L58)/K59,0) -> 0.083039732 | M59: =M56+M57+M58 -> 35150 | N59: =IF(M59>0,O59/M59,0) -> 0.64033397 | O59: =O56+O57+O58 -> 22507.739 | P59: =IF(M59>0,Q59/M59,0) -> 0.27898771 | Q59: =Q56+Q57+Q58 -> 9806.418 | R59: =IF(M59>0,T59/M59,0) -> 0.080678321 | T59: =T56+T57+T58 -> 2835.843 | U59: =IF(M59>0,V59/M59,0) -> 0.18534185 | V59: =V56+V57+V58 -> 6514.766 | W59: =IF(M59>0,X59/M59,0) -> 0.52458165 | X59: =X56+X57+X58 -> 18439.045 | Y59: =IF(M59>0,Z59/M59,0) -> 0.38502418 | Z59: =Z56+Z57+Z58 -> 13533.6 | AA59: =IF(M59>0,AB59/M59,0) -> 0.002456528 | AB59: =SUM(AB56:AB58) -> 86.34696 | AC59: =IF(M59>0,(AC56*M56+AC57*M57+AC58*M58)/M59,0) -> 0.002835089 | AD59: =IF(K59>0,(K56*AD56+K57*AD57+K58*AD58)/K59,0) -> 0.00030882344 | AE59: =SUM(AE56:AE58) -> 10.85341 | AF59: =IF(K59>0,(K56*AF56+K57*AF57+K58*AF58)/K59,0) -> 0.2186247 | AG59: =SUM(AG56:AG58) -> 89.976986 | AH59: =IF(AND(AB59>0),((AB56*AH56+AB57*AH57+AB58*AH58)/AB59),0) -> 0.87554209 | AI59: =IF(AND(AC59>0,AL59>0,AD59>0),((AL59*(AC59-AD59))/(AC59*(AL59-AD59))),0) -> 0.89234926 | AJ59: =SUM(AJ56:AJ58) -> 452 | AK59: =IF(AJ59>0,(AK56*AJ56+AK57*AJ57+AK58*AJ58)/AJ59,0) -> 0.089 | AL59: =IF(K59>0,(AL56*K56+AL57*K57+AL58*K58)/K59,0) -> 0.21558704 | AM59: =IF(L59>0,(AM56*K56+AM57*K57+AM58*K58)/K59,0) -> 0.22290721 | AN59: =SUM(AN56:AN58) -> 88.799969 | AO59: =SUM(AO56:AO58) -> 91.851054 | AQ59: =SUM(AQ56:AQ58) -> 1009.54 | AS59: =AR58 -> 1137.06 | AT59: =SUM(AT56:AT58) -> 0
A60: 15 | B60: 1 | C60: Цвета Владова | D60: 3100 | E60: 0 | F60: 11298 | G60: 0.6 | H60: 4 | I60: 12084 | J60: 5.7 | K60: 10762 | L60: 0.082 | M60: =ROUND(K60*(1-L60),0) -> 9880 | N60: 0.628 | O60: =M60*N60 -> 6204.64 | P60: 0.319 | Q60: =M60*P60 -> 3151.72 | R60: 0.053 | S60: 0.1783 | T60: =M60*R60 -> 523.64 | U60: 0.117 | V60: =M60*U60 -> 1155.96 | W60: 0.564 | X60: =M60*W60 -> 5572.32 | Y60: 0.37 | Z60: =Y60*M60 -> 3655.6 | AA60: 0.00236 | AB60: =M60*AA60 -> 23.3168 | AC60: =IF(M60>0,(AE60+AN60)/M60,0) -> 0.0026976165 | AD60: 0.00028 | AE60: =AD60*M60 -> 2.7664 | AF60: 0.1867 | AG60: =AJ60*(1-AK60)*AF60 -> 20.522437 | AH60: =IF(AND(AF60>0,AD60>0,AA60>0),((AA60-AD60)*AF60)/((AF60-AD60)*AA60),0) -> 0.88267972 | AI60: =IF(AND(AC60>0,AL60>0,AD60>0),((AL60*(AC60-AD60))/(AC60*(AL60-AD60))),0) -> 0.89736095 | AJ60: 122 | AK60: 0.099 | AL60: 0.2173 | AM60: 0.2265 | AN60: =AJ60*(1-AK60)*AL60 -> 23.886051 | AO60: =AJ60*(1-AK60)*AM60 -> 24.897333 | AP60: 1.7 | AQ60: 503.48 | AR60: =AR58+AJ60-AQ60 -> 755.58
B61: 2 | C61: Георги Томов | D61: 24500 | E61: 1 | F61: 14042 | G61: 1.7 | H61: 5.1 | I61: 15864 | J61: 5.9 | K61: 15475 | L61: 0.079 | M61: =ROUND(K61*(1-L61),0) -> 14252 | N61: 0.669 | O61: =M61*N61 -> 9534.588 | P61: 0.252 | Q61: =M61*P61 -> 3591.504 | R61: 0.079 | S61: 0.2392 | T61: =M61*R61 -> 1125.908 | U61: 0.241 | V61: =M61*U61 -> 3434.732 | W61: 0.49 | X61: =M61*W61 -> 6983.48 | Y61: 0.4 | Z61: =Y61*M61 -> 5700.8 | AA61: 0.00266 | AB61: =M61*AA61 -> 37.91032 | AC61: =IF(M61>0,(AE61+AN61)/M61,0) -> 0.0026016852 | AD61: 0.00031 | AE61: =AD61*M61 -> 4.41812 | AF61: 0.2102 | AG61: =AJ61*(1-AK61)*AF61 -> 32.86435 | AH61: =IF(AND(AF61>0,AD61>0,AA61>0),((AA61-AD61)*AF61)/((AF61-AD61)*AA61),0) -> 0.88476348 | AI61: =IF(AND(AC61>0,AL61>0,AD61>0),((AL61*(AC61-AD61))/(AC61*(AL61-AD61))),0) -> 0.88215555 | AJ61: 172 | AK61: 0.091 | AL61: 0.2089 | AM61: 0.2118 | AN61: =AJ61*(1-AK61)*AL61 -> 32.661097 | AO61: =AJ61*(1-AK61)*AM61 -> 33.114506 | AP61: 1.6 | AR61: =AR60+AJ61-AQ61 -> 927.58
B62: 3 | C62: Николинка Мутафова | D62: 12835 | E62: 0 | F62: 14570 | G62: 1 | H62: 5.5 | I62: 15546 | J62: 6.1 | K62: 15647 | L62: 0.082 | M62: =ROUND(K62*(1-L62),0) -> 14364 | N62: 0.628 | O62: =M62*N62 -> 9020.592 | P62: 0.313 | Q62: =M62*P62 -> 4495.932 | R62: 0.059 | S62: 0.2366 | T62: =M62*R62 -> 847.476 | U62: 0.244 | V62: =M62*U62 -> 3504.816 | W62: 0.49 | X62: =M62*W62 -> 7038.36 | Y62: 0.4 | Z62: =Y62*M62 -> 5745.6 | AA62: 0.00272 | AB62: =M62*AA62 -> 39.07008 | AC62: =IF(M62>0,(AE62+AN62)/M62,0) -> 0.0026727698 | AD62: 0.00032 | AE62: =AD62*M62 -> 4.59648 | AF62: 0.2151 | AG62: =AJ62*(1-AK62)*AF62 -> 34.096361 | AH62: =IF(AND(AF62>0,AD62>0,AA62>0),((AA62-AD62)*AF62)/((AF62-AD62)*AA62),0) -> 0.88366756 | AI62: =IF(AND(AC62>0,AL62>0,AD62>0),((AL62*(AC62-AD62))/(AC62*(AL62-AD62))),0) -> 0.88159723 | AJ62: 174 | AK62: 0.089 | AL62: 0.2132 | AM62: 0.226 | AN62: =AJ62*(1-AK62)*AL62 -> 33.795185 | AO62: =AJ62*(1-AK62)*AM62 -> 35.824164 | AP62: 1.58 | AR62: =AR61+AJ62-AQ62 -> 1101.58
B63: Общо | D63: =SUM(D60:D62) -> 40435 | F63: =SUM(F60:F62) -> 39910 | I63: =SUM(I60:I62) -> 43494 | K63: =SUM(K60:K62) -> 41884 | L63: =IF(K63>0,(K60*L60+K61*L61+K62*L62)/K63,0) -> 0.080891582 | M63: =M60+M61+M62 -> 38496 | N63: =IF(M63>0,O63/M63,0) -> 0.64317903 | O63: =O60+O61+O62 -> 24759.82 | P63: =IF(M63>0,Q63/M63,0) -> 0.29195646 | Q63: =Q60+Q61+Q62 -> 11239.156 | R63: =IF(M63>0,T63/M63,0) -> 0.064864505 | T63: =T60+T61+T62 -> 2497.024 | U63: =IF(M63>0,V63/M63,0) -> 0.21029478 | V63: =V60+V61+V62 -> 8095.508 | W63: =IF(M63>0,X63/M63,0) -> 0.5089921 | X63: =X60+X61+X62 -> 19594.16 | Y63: =IF(M63>0,Z63/M63,0) -> 0.3923005 | Z63: =Z60+Z61+Z62 -> 15102 | AA63: =IF(M63>0,AB63/M63,0) -> 0.0026053928 | AB63: =SUM(AB60:AB62) -> 100.2972 | AC63: =IF(M63>0,(AC60*M60+AC61*M61+AC62*M62)/M63,0) -> 0.0026528297 | AD63: =IF(K63>0,(K60*AD60+K61*AD61+K62*AD62)/K63,0) -> 0.00030602736 | AE63: =SUM(AE60:AE62) -> 11.781 | AF63: =IF(K63>0,(K60*AF60+K61*AF61+K62*AF62)/K63,0) -> 0.20599227 | AG63: =SUM(AG60:AG62) -> 87.483148 | AH63: =IF(AND(AB63>0),((AB60*AH60+AB61*AH61+AB62*AH62)/AB63),0) -> 0.88385214 | AI63: =IF(AND(AC63>0,AL63>0,AD63>0),((AL63*(AC63-AD63))/(AC63*(AL63-AD63))),0) -> 0.885916 | AJ63: =SUM(AJ60:AJ62) -> 468 | AK63: =IF(AJ63>0,(AK60*AJ60+AK61*AJ61+AK62*AJ62)/AJ63,0) -> 0.09234188 | AL63: =IF(K63>0,(AL60*K60+AL61*K61+AL62*K62)/K63,0) -> 0.21266475 | AM63: =IF(L63>0,(AM60*K60+AM61*K61+AM62*K62)/K63,0) -> 0.22088196 | AN63: =SUM(AN60:AN62) -> 90.342333 | AO63: =SUM(AO60:AO62) -> 93.836003 | AQ63: =SUM(AQ60:AQ62) -> 503.48 | AS63: =AR62 -> 1101.58 | AT63: =SUM(AT60:AT62) -> 0
A64: 16 | B64: 1 | C64: Димитър Цончев | D64: 4231 | E64: 0 | F64: 8719 | G64: 1.5 | H64: 4.9 | I64: 9888 | J64: 7.8 | K64: 15772 | L64: 0.078 | M64: =ROUND(K64*(1-L64),0) -> 14542 | N64: 0.627 | O64: =M64*N64 -> 9117.834 | P64: 0.311 | Q64: =M64*P64 -> 4522.562 | R64: 0.062 | S64: 0.2319 | T64: =M64*R64 -> 901.604 | U64: 0.255 | V64: =M64*U64 -> 3708.21 | W64: 0.476 | X64: =M64*W64 -> 6921.992 | Y64: 0.4 | Z64: =Y64*M64 -> 5816.8 | AA64: 0.00272 | AB64: =M64*AA64 -> 39.55424 | AC64: =IF(M64>0,(AE64+AN64)/M64,0) -> 0.0026985771 | AD64: 0.00032 | AE64: =AD64*M64 -> 4.65344 | AF64: 0.2157 | AG64: =AJ64*(1-AK64)*AF64 -> 35.292834 | AH64: =IF(AND(AF64>0,AD64>0,AA64>0),((AA64-AD64)*AF64)/((AF64-AD64)*AA64),0) -> 0.88366389 | AI64: =IF(AND(AC64>0,AL64>0,AD64>0),((AL64*(AC64-AD64))/(AC64*(AL64-AD64))),0) -> 0.88275523 | AJ64: 180 | AK64: 0.091 | AL64: 0.2114 | AM64: 0.2192 | AN64: =AJ64*(1-AK64)*AL64 -> 34.589268 | AO64: =AJ64*(1-AK64)*AM64 -> 35.865504 | AP64: 1.6 | AQ64: 510.18 | AR64: =AR62+AJ64-AQ64 -> 771.4
B65: 2 | C65: Георги Томов | D65: 19700 | E65: 2 | F65: 12985 | G65: 2.2 | H65: 4.8 | I65: 14189 | J65: 8.7 | K65: 16784 | L65: 0.078 | M65: =ROUND(K65*(1-L65),0) -> 15475 | N65: 0.653 | O65: =M65*N65 -> 10105.175 | P65: 0.267 | Q65: =M65*P65 -> 4131.825 | R65: 0.08 | S65: 0.2255 | T65: =M65*R65 -> 1238 | U65: 0.248 | V65: =M65*U65 -> 3837.8 | W65: 0.479 | X65: =M65*W65 -> 7412.525 | Y65: 0.39 | Z65: =Y65*M65 -> 6035.25 | AA65: 0.00266 | AB65: =M65*AA65 -> 41.1635 | AC65: =IF(M65>0,(AE65+AN65)/M65,0) -> 0.0026082051 | AD65: 0.00032 | AE65: =AD65*M65 -> 4.952 | AF65: 0.217 | AG65: =AJ65*(1-AK65)*AF65 -> 36.058022 | AH65: =IF(AND(AF65>0,AD65>0,AA65>0),((AA65-AD65)*AF65)/((AF65-AD65)*AA65),0) -> 0.88099842 | AI65: =IF(AND(AC65>0,AL65>0,AD65>0),((AL65*(AC65-AD65))/(AC65*(AL65-AD65))),0) -> 0.87862965 | AJ65: 182 | AK65: 0.087 | AL65: 0.2131 | AM65: 0.2248 | AN65: =AJ65*(1-AK65)*AL65 -> 35.409975 | AO65: =AJ65*(1-AK65)*AM65 -> 37.354117 | AP65: 1.75 | AR65: =AR64+AJ65-AQ65 -> 953.4
B66: 3 | C66: Николинка Мутафова | D66: 13854 | E66: 1 | F66: 13516 | G66: 3 | H66: 6.7 | I66: 15208 | J66: 9.2 | K66: 16720 | L66: 0.075 | M66: =ROUND(K66*(1-L66),0) -> 15466 | N66: 0.649 | O66: =M66*N66 -> 10037.434 | P66: 0.229 | Q66: =M66*P66 -> 3541.714 | R66: 0.122 | S66: 0.2366 | T66: =M66*R66 -> 1886.852 | U66: 0.244 | V66: =M66*U66 -> 3773.704 | W66: 0.486 | X66: =M66*W66 -> 7516.476 | Y66: 0.39 | Z66: =Y66*M66 -> 6031.74 | AA66: 0.00266 | AB66: =M66*AA66 -> 41.13956 | AC66: =IF(M66>0,(AE66+AN66)/M66,0) -> 0.0029224107 | AD66: 0.00031 | AE66: =AD66*M66 -> 4.79446 | AF66: 0.2153 | AG66: =AJ66*(1-AK66)*AF66 -> 41.502305 | AH66: =IF(AND(AF66>0,AD66>0,AA66>0),((AA66-AD66)*AF66)/((AF66-AD66)*AA66),0) -> 0.88473253 | AI66: =IF(AND(AC66>0,AL66>0,AD66>0),((AL66*(AC66-AD66))/(AC66*(AL66-AD66))),0) -> 0.89524727 | AJ66: 213 | AK66: 0.095 | AL66: 0.2096 | AM66: 0.2168 | AN66: =AJ66*(1-AK66)*AL66 -> 40.403544 | AO66: =AJ66*(1-AK66)*AM66 -> 41.791452 | AP66: 1.75 | AR66: =AR65+AJ66-AQ66 -> 1166.4
B67: Общо | D67: =SUM(D64:D66) -> 37785 | F67: =SUM(F64:F66) -> 35220 | I67: =SUM(I64:I66) -> 39285 | K67: =SUM(K64:K66) -> 49276 | L67: =IF(K67>0,(K64*L64+K65*L65+K66*L66)/K67,0) -> 0.07698206 | M67: =M64+M65+M66 -> 45483 | N67: =IF(M67>0,O67/M67,0) -> 0.64332702 | O67: =O64+O65+O66 -> 29260.443 | P67: =IF(M67>0,Q67/M67,0) -> 0.26814636 | Q67: =Q64+Q65+Q66 -> 12196.101 | R67: =IF(M67>0,T67/M67,0) -> 0.088526614 | T67: =T64+T65+T66 -> 4026.456 | U67: =IF(M67>0,V67/M67,0) -> 0.24887791 | V67: =V64+V65+V66 -> 11319.714 | W67: =IF(M67>0,X67/M67,0) -> 0.4804211 | X67: =X64+X65+X66 -> 21850.993 | Y67: =IF(M67>0,Z67/M67,0) -> 0.39319724 | Z67: =Z64+Z65+Z66 -> 17883.79 | AA67: =IF(M67>0,AB67/M67,0) -> 0.0026791834 | AB67: =SUM(AB64:AB66) -> 121.8573 | AC67: =IF(M67>0,(AC64*M64+AC65*M65+AC66*M66)/M67,0) -> 0.0027439414 | AD67: =IF(K67>0,(K64*AD64+K65*AD65+K66*AD66)/K67,0) -> 0.00031660687 | AE67: =SUM(AE64:AE66) -> 14.3999 | AF67: =IF(K67>0,(K64*AF64+K65*AF65+K66*AF66)/K67,0) -> 0.21600707 | AG67: =SUM(AG64:AG66) -> 112.85316 | AH67: =IF(AND(AB67>0),((AB64*AH64+AB65*AH65+AB66*AH66)/AB67),0) -> 0.88312427 | AI67: =IF(AND(AC67>0,AL67>0,AD67>0),((AL67*(AC67-AD67))/(AC67*(AL67-AD67))),0) -> 0.88594307 | AJ67: =SUM(AJ64:AJ66) -> 575 | AK67: =IF(AJ67>0,(AK64*AJ64+AK65*AJ65+AK66*AJ66)/AJ67,0) -> 0.091215652 | AL67: =IF(K67>0,(AL64*K64+AL65*K65+AL66*K66)/K67,0) -> 0.21136828 | AM67: =IF(L67>0,(AM64*K64+AM65*K65+AM66*K66)/K67,0) -> 0.22029308 | AN67: =SUM(AN64:AN66) -> 110.40279 | AO67: =SUM(AO64:AO66) -> 115.01107 | AQ67: =SUM(AQ64:AQ66) -> 510.18 | AS67: =AR66 -> 1166.4 | AT67: =SUM(AT64:AT66) -> 0
A68: 17 | B68: 1 | C68: Димитър Цончев | D68: 5267 | E68: 0 | F68: 10603 | G68: 4.9 | H68: 8.4 | I68: 12837 | J68: 10 | K68: 16375 | L68: 0.081 | M68: =ROUND(K68*(1-L68),0) -> 15049 | N68: 0.471 | O68: =M68*N68 -> 7088.079 | P68: 0.406 | Q68: =M68*P68 -> 6109.894 | R68: 0.123 | S68: 0.232 | T68: =M68*R68 -> 1851.027 | U68: 0.235 | V68: =M68*U68 -> 3536.515 | W68: 0.491 | X68: =M68*W68 -> 7389.059 | Y68: 0.41 | Z68: =Y68*M68 -> 6170.09 | AA68: 0.00256 | AB68: =M68*AA68 -> 38.52544 | AC68: =IF(M68>0,(AE68+AN68)/M68,0) -> 0.0026140544 | AD68: 0.00031 | AE68: =AD68*M68 -> 4.66519 | AF68: 0.2204 | AG68: =AJ68*(1-AK68)*AF68 -> 35.861504 | AH68: =IF(AND(AF68>0,AD68>0,AA68>0),((AA68-AD68)*AF68)/((AF68-AD68)*AA68),0) -> 0.8801442 | AI68: =IF(AND(AC68>0,AL68>0,AD68>0),((AL68*(AC68-AD68))/(AC68*(AL68-AD68))),0) -> 0.88269434 | AJ68: 179 | AK68: 0.091 | AL68: 0.2131 | AM68: 0.21 | AN68: =AJ68*(1-AK68)*AL68 -> 34.673714 | AO68: =AJ68*(1-AK68)*AM68 -> 34.16931 | AP68: 1.7 | AQ68: 501.86 | AR68: =AR66+AJ68-AQ68+AS68 -> 838.22 | AS68: -5.32
B69: 2 | C69: Иванка Копаранска | D69: 20200 | E69: 2 | F69: 13059 | G69: 4.5 | H69: 5.3 | I69: 14296 | J69: 10.4 | K69: 16164 | L69: 0.08 | M69: =ROUND(K69*(1-L69),0) -> 14871 | N69: 0.598 | O69: =M69*N69 -> 8892.858 | P69: 0.305 | Q69: =M69*P69 -> 4535.655 | R69: 0.097 | S69: 0.226 | T69: =M69*R69 -> 1442.487 | U69: 0.24 | V69: =M69*U69 -> 3569.04 | W69: 0.479 | X69: =M69*W69 -> 7123.209 | Y69: 0.4 | Z69: =Y69*M69 -> 5948.4 | AA69: 0.00238 | AB69: =M69*AA69 -> 35.39298 | AC69: =IF(M69>0,(AE69+AN69)/M69,0) -> 0.0023734347 | AD69: 0.00029 | AE69: =AD69*M69 -> 4.31259 | AF69: 0.2197 | AG69: =AJ69*(1-AK69)*AF69 -> 31.484328 | AH69: =IF(AND(AF69>0,AD69>0,AA69>0),((AA69-AD69)*AF69)/((AF69-AD69)*AA69),0) -> 0.87931194 | AI69: =IF(AND(AC69>0,AL69>0,AD69>0),((AL69*(AC69-AD69))/(AC69*(AL69-AD69))),0) -> 0.87899324 | AJ69: 158 | AK69: 0.093 | AL69: 0.2162 | AM69: 0.2255 | AN69: =AJ69*(1-AK69)*AL69 -> 30.982757 | AO69: =AJ69*(1-AK69)*AM69 -> 32.315503 | AP69: 1.6 | AR69: =AR68+AJ69-AQ69 -> 996.22
B70: 3 | C70: Николинка Мутафова | D70: 15953 | E70: 0 | F70: 14581 | G70: 1.9 | H70: 5.6 | I70: 15670 | J70: 10.7 | K70: 16510 | L70: 0.077 | M70: =ROUND(K70*(1-L70),0) -> 15239 | N70: 0.576 | O70: =M70*N70 -> 8777.664 | P70: 0.309 | Q70: =M70*P70 -> 4708.851 | R70: 0.115 | S70: 0.2375 | T70: =M70*R70 -> 1752.485 | U70: 0.236 | V70: =M70*U70 -> 3596.404 | W70: 0.484 | X70: =M70*W70 -> 7375.676 | Y70: 0.39 | Z70: =Y70*M70 -> 5943.21 | AA70: 0.00259 | AB70: =M70*AA70 -> 39.46901 | AC70: =IF(M70>0,(AE70+AN70)/M70,0) -> 0.0024965812 | AD70: 0.00029 | AE70: =AD70*M70 -> 4.41931 | AF70: 0.2147 | AG70: =AJ70*(1-AK70)*AF70 -> 33.95824 | AH70: =IF(AND(AF70>0,AD70>0,AA70>0),((AA70-AD70)*AF70)/((AF70-AD70)*AA70),0) -> 0.88923199 | AI70: =IF(AND(AC70>0,AL70>0,AD70>0),((AL70*(AC70-AD70))/(AC70*(AL70-AD70))),0) -> 0.88504842 | AJ70: 174 | AK70: 0.091 | AL70: 0.2126 | AM70: 0.2191 | AN70: =AJ70*(1-AK70)*AL70 -> 33.626092 | AO70: =AJ70*(1-AK70)*AM70 -> 34.654171 | AP70: 1.6 | AR70: =AR69+AJ70-AQ70 -> 1170.22
B71: Общо | D71: =SUM(D68:D70) -> 41420 | F71: =SUM(F68:F70) -> 38243 | I71: =SUM(I68:I70) -> 42803 | K71: =SUM(K68:K70) -> 49049 | L71: =IF(K71>0,(K68*L68+K69*L69+K70*L70)/K71,0) -> 0.079324043 | M71: =M68+M69+M70 -> 45159 | N71: =IF(M71>0,O71/M71,0) -> 0.54825397 | O71: =O68+O69+O70 -> 24758.601 | P71: =IF(M71>0,Q71/M71,0) -> 0.34000753 | Q71: =Q68+Q69+Q70 -> 15354.4 | R71: =IF(M71>0,T71/M71,0) -> 0.1117385 | T71: =T68+T69+T70 -> 5045.999 | U71: =IF(M71>0,V71/M71,0) -> 0.23698397 | V71: =V68+V69+V70 -> 10701.959 | W71: =IF(M71>0,X71/M71,0) -> 0.4846862 | X71: =X68+X69+X70 -> 21887.944 | Y71: =IF(M71>0,Z71/M71,0) -> 0.39995793 | Z71: =Z68+Z69+Z70 -> 18061.7 | AA71: =IF(M71>0,AB71/M71,0) -> 0.002510849 | AB71: =SUM(AB68:AB70) -> 113.38743 | AC71: =IF(M71>0,(AC68*M68+AC69*M69+AC70*M70)/M71,0) -> 0.002495176 | AD71: =IF(K71>0,(K68*AD68+K69*AD69+K70*AD70)/K71,0) -> 0.000296677 | AE71: =SUM(AE68:AE70) -> 13.39709 | AF71: =IF(K71>0,(K68*AF68+K69*AF69+K70*AF70)/K71,0) -> 0.21825068 | AG71: =SUM(AG68:AG70) -> 101.30407 | AH71: =IF(AND(AB71>0),((AB68*AH68+AB69*AH69+AB70*AH70)/AB71),0) -> 0.88304778 | AI71: =IF(AND(AC71>0,AL71>0,AD71>0),((AL71*(AC71-AD71))/(AC71*(AL71-AD71))),0) -> 0.88232324 | AJ71: =SUM(AJ68:AJ70) -> 511 | AK71: =IF(AJ71>0,(AK68*AJ68+AK69*AJ69+AK70*AJ70)/AJ71,0) -> 0.091618395 | AL71: =IF(K71>0,(AL68*K68+AL69*K69+AL70*K70)/K71,0) -> 0.2139533 | AM71: =IF(L71>0,(AM68*K68+AM69*K69+AM70*K70)/K71,0) -> 0.21817107 | AN71: =SUM(AN68:AN70) -> 99.282563 | AO71: =SUM(AO68:AO70) -> 101.13898 | AQ71: =SUM(AQ68:AQ70) -> 501.86 | AS71: =AR70 -> 1170.22 | AT71: =SUM(AT68:AT70) -> 0
A72: 18 | B72: 1 | C72: Димитър Цончев | D72: 9831 | E72: 0 | F72: 12963 | G72: 1.7 | H72: 5.5 | I72: 14849 | J72: 11 | K72: 16140 | L72: 0.074 | M72: =ROUND(K72*(1-L72),0) -> 14946 | N72: 0.617 | O72: =M72*N72 -> 9221.682 | P72: 0.224 | Q72: =M72*P72 -> 3347.904 | R72: 0.159 | S72: 0.2391 | T72: =M72*R72 -> 2376.414 | U72: 0.253 | V72: =M72*U72 -> 3781.338 | W72: 0.481 | X72: =M72*W72 -> 7189.026 | Y72: 0.39 | Z72: =Y72*M72 -> 5828.94 | AA72: 0.0025 | AB72: =M72*AA72 -> 37.365 | AC72: =IF(M72>0,(AE72+AN72)/M72,0) -> 0.0025558478 | AD72: 0.0003 | AE72: =AD72*M72 -> 4.4838 | AF72: 0.2181 | AG72: =AJ72*(1-AK72)*AF72 -> 34.297752 | AH72: =IF(AND(AF72>0,AD72>0,AA72>0),((AA72-AD72)*AF72)/((AF72-AD72)*AA72),0) -> 0.88121212 | AI72: =IF(AND(AC72>0,AL72>0,AD72>0),((AL72*(AC72-AD72))/(AC72*(AL72-AD72))),0) -> 0.88385886 | AJ72: 173 | AK72: 0.091 | AL72: 0.2144 | AM72: 0.2205 | AN72: =AJ72*(1-AK72)*AL72 -> 33.715901 | AO72: =AJ72*(1-AK72)*AM72 -> 34.675168 | AP72: 1.6 | AR72: =AR70+AJ72-AQ72 -> 1343.22
B73: 2 | C73: Иванка Копаранска | D73: 18600 | E73: 0 | F73: 14185 | G73: 1.4 | H73: 5 | I73: 15600 | J73: 10.6 | K73: 15568 | L73: 0.076 | M73: =ROUND(K73*(1-L73),0) -> 14385 | N73: 0.629 | O73: =M73*N73 -> 9048.165 | P73: 0.259 | Q73: =M73*P73 -> 3725.715 | R73: 0.112 | S73: 0.2243 | T73: =M73*R73 -> 1611.12 | U73: 0.228 | V73: =M73*U73 -> 3279.78 | W73: 0.488 | X73: =M73*W73 -> 7019.88 | Y73: 0.39 | Z73: =Y73*M73 -> 5610.15 | AA73: 0.00246 | AB73: =M73*AA73 -> 35.3871 | AC73: =IF(M73>0,(AE73+AN73)/M73,0) -> 0.0025477664 | AD73: 0.0003 | AE73: =AD73*M73 -> 4.3155 | AF73: 0.2152 | AG73: =AJ73*(1-AK73)*AF73 -> 32.899776 | AH73: =IF(AND(AF73>0,AD73>0,AA73>0),((AA73-AD73)*AF73)/((AF73-AD73)*AA73),0) -> 0.87927453 | AI73: =IF(AND(AC73>0,AL73>0,AD73>0),((AL73*(AC73-AD73))/(AC73*(AL73-AD73))),0) -> 0.883503 | AJ73: 168 | AK73: 0.09 | AL73: 0.2115 | AM73: 0.2137 | AN73: =AJ73*(1-AK73)*AL73 -> 32.33412 | AO73: =AJ73*(1-AK73)*AM73 -> 32.670456 | AP73: 1.6 | AR73: =AR72+AJ73-AQ73 -> 1511.22
B74: 3 | C74: Цвета Владова | D74: 15200 | E74: 1 | F74: 15800 | G74: 1.8 | H74: 5.7 | I74: 16438 | J74: 9.9 | K74: 15605 | L74: 0.073 | M74: =ROUND(K74*(1-L74),0) -> 14466 | N74: 0.646 | O74: =M74*N74 -> 9345.036 | P74: 0.219 | Q74: =M74*P74 -> 3168.054 | R74: 0.135 | S74: 0.2184 | T74: =M74*R74 -> 1952.91 | U74: 0.227 | V74: =M74*U74 -> 3283.782 | W74: 0.489 | X74: =M74*W74 -> 7073.874 | Y74: 0.39 | Z74: =Y74*M74 -> 5641.74 | AA74: 0.00253 | AB74: =M74*AA74 -> 36.59898 | AC74: =IF(M74>0,(AE74+AN74)/M74,0) -> 0.0026036546 | AD74: 0.0003 | AE74: =AD74*M74 -> 4.3398 | AF74: 0.2169 | AG74: =AJ74*(1-AK74)*AF74 -> 34.70053 | AH74: =IF(AND(AF74>0,AD74>0,AA74>0),((AA74-AD74)*AF74)/((AF74-AD74)*AA74),0) -> 0.88264373 | AI74: =IF(AND(AC74>0,AL74>0,AD74>0),((AL74*(AC74-AD74))/(AC74*(AL74-AD74))),0) -> 0.88605346 | AJ74: 176 | AK74: 0.091 | AL74: 0.2083 | AM74: 0.2077 | AN74: =AJ74*(1-AK74)*AL74 -> 33.324667 | AO74: =AJ74*(1-AK74)*AM74 -> 33.228677 | AP74: 1.65 | AR74: =AR73+AJ74-AQ74 -> 1687.22
B75: Общо | D75: =SUM(D72:D74) -> 43631 | F75: =SUM(F72:F74) -> 42948 | I75: =SUM(I72:I74) -> 46887 | K75: =SUM(K72:K74) -> 47313 | L75: =IF(K75>0,(K72*L72+K73*L73+K74*L74)/K75,0) -> 0.074328261 | M75: =M72+M73+M74 -> 43797 | N75: =IF(M75>0,O75/M75,0) -> 0.63051997 | O75: =O72+O73+O74 -> 27614.883 | P75: =IF(M75>0,Q75/M75,0) -> 0.23384417 | Q75: =Q72+Q73+Q74 -> 10241.673 | R75: =IF(M75>0,T75/M75,0) -> 0.13563587 | T75: =T72+T73+T74 -> 5940.444 | U75: =IF(M75>0,V75/M75,0) -> 0.23620111 | V75: =V72+V73+V74 -> 10344.9 | W75: =IF(M75>0,X75/M75,0) -> 0.4859415 | X75: =X72+X73+X74 -> 21282.78 | Y75: =IF(M75>0,Z75/M75,0) -> 0.39 | Z75: =Z72+Z73+Z74 -> 17080.83 | AA75: =IF(M75>0,AB75/M75,0) -> 0.002496771 | AB75: =SUM(AB72:AB74) -> 109.35108 | AC75: =IF(M75>0,(AC72*M72+AC73*M73+AC74*M74)/M75,0) -> 0.0025689839 | AD75: =IF(K75>0,(K72*AD72+K73*AD73+K74*AD74)/K75,0) -> 0.0003 | AE75: =SUM(AE72:AE74) -> 13.1391 | AF75: =IF(K75>0,(K72*AF72+K73*AF73+K74*AF74)/K75,0) -> 0.21674999 | AG75: =SUM(AG72:AG74) -> 101.89806 | AH75: =IF(AND(AB75>0),((AB72*AH72+AB73*AH73+AB74*AH74)/AB75),0) -> 0.88106425 | AI75: =IF(AND(AC75>0,AL75>0,AD75>0),((AL75*(AC75-AD75))/(AC75*(AL75-AD75))),0) -> 0.88447728 | AJ75: =SUM(AJ72:AJ74) -> 517 | AK75: =IF(AJ75>0,(AK72*AJ72+AK73*AJ73+AK74*AJ74)/AJ75,0) -> 0.090675048 | AL75: =IF(K75>0,(AL72*K72+AL73*K73+AL74*K74)/K75,0) -> 0.21143384 | AM75: =IF(L75>0,(AM72*K72+AM73*K73+AM74*K74)/K75,0) -> 0.21404075 | AN75: =SUM(AN72:AN74) -> 99.374688 | AO75: =SUM(AO72:AO74) -> 100.5743 | AQ75: =SUM(AQ72:AQ74) -> 0 | AS75: =AR74 -> 1687.22 | AT75: =SUM(AT72:AT74) -> 0
A76: 19 | B76: 1 | C76: Георги Томов | D76: 12052 | E76: 0 | F76: 13743 | G76: 1.3 | H76: 5.4 | I76: 15054 | J76: 10 | K76: 15593 | L76: 0.078 | M76: =ROUND(K76*(1-L76),0) -> 14377 | N76: 0.604 | O76: =M76*N76 -> 8683.708 | P76: 0.292 | Q76: =M76*P76 -> 4198.084 | R76: 0.104 | S76: 0.2334 | T76: =M76*R76 -> 1495.208 | U76: 0.223 | V76: =M76*U76 -> 3206.071 | W76: 0.485 | X76: =M76*W76 -> 6972.845 | Y76: 0.38 | Z76: =Y76*M76 -> 5463.26 | AA76: 0.00239 | AB76: =M76*AA76 -> 34.36103 | AC76: =IF(M76>0,(AE76+AN76)/M76,0) -> 0.0025697744 | AD76: 0.00031 | AE76: =AD76*M76 -> 4.45687 | AF76: 0.2161 | AG76: =AJ76*(1-AK76)*AF76 -> 33.721541 | AH76: =IF(AND(AF76>0,AD76>0,AA76>0),((AA76-AD76)*AF76)/((AF76-AD76)*AA76),0) -> 0.87154313 | AI76: =IF(AND(AC76>0,AL76>0,AD76>0),((AL76*(AC76-AD76))/(AC76*(AL76-AD76))),0) -> 0.88067813 | AJ76: 173 | AK76: 0.098 | AL76: 0.2082 | AM76: 0.2082 | AN76: =AJ76*(1-AK76)*AL76 -> 32.488777 | AO76: =AJ76*(1-AK76)*AM76 -> 32.488777 | AP76: 1.75 | AR76: =AR74+AJ76-AQ76 -> 1860.22
B77: 2 | C77: Иванка Копаранска | D77: 15977 | E77: 2 | F77: 13079 | G77: 1.2 | H77: 5.5 | I77: 14756 | J77: 10.3 | K77: 15584 | L77: 0.079 | M77: =ROUND(K77*(1-L77),0) -> 14353 | N77: 0.565 | O77: =M77*N77 -> 8109.445 | P77: 0.334 | Q77: =M77*P77 -> 4793.902 | R77: 0.101 | S77: 0.2278 | T77: =M77*R77 -> 1449.653 | U77: 0.231 | V77: =M77*U77 -> 3315.543 | W77: 0.489 | X77: =M77*W77 -> 7018.617 | Y77: 0.39 | Z77: =Y77*M77 -> 5597.67 | AA77: 0.00241 | AB77: =M77*AA77 -> 34.59073 | AC77: =IF(M77>0,(AE77+AN77)/M77,0) -> 0.0025844816 | AD77: 0.0003 | AE77: =AD77*M77 -> 4.3059 | AF77: 0.2214 | AG77: =AJ77*(1-AK77)*AF77 -> 33.624461 | AH77: =IF(AND(AF77>0,AD77>0,AA77>0),((AA77-AD77)*AF77)/((AF77-AD77)*AA77),0) -> 0.87670662 | AI77: =IF(AND(AC77>0,AL77>0,AD77>0),((AL77*(AC77-AD77))/(AC77*(AL77-AD77))),0) -> 0.88515251 | AJ77: 168 | AK77: 0.096 | AL77: 0.2159 | AM77: 0.2216 | AN77: =AJ77*(1-AK77)*AL77 -> 32.789165 | AO77: =AJ77*(1-AK77)*AM77 -> 33.654835 | AP77: 1.6 | AR77: =AR76+AJ77-AQ77 -> 2028.22
B78: 3 | C78: Цвета Владова | D78: 17600 | E78: 0 | F78: 14555 | G78: 1.3 | H78: 5.3 | I78: 15927 | J78: 10.2 | K78: 15395 | L78: 0.077 | M78: =ROUND(K78*(1-L78),0) -> 14210 | N78: 0.58 | O78: =M78*N78 -> 8241.8 | P78: 0.202 | Q78: =M78*P78 -> 2870.42 | R78: 0.218 | S78: 0.2166 | T78: =M78*R78 -> 3097.78 | U78: 0.228 | V78: =M78*U78 -> 3239.88 | W78: 0.489 | X78: =M78*W78 -> 6948.69 | Y78: 0.38 | Z78: =Y78*M78 -> 5399.8 | AA78: 0.0025 | AB78: =M78*AA78 -> 35.525 | AC78: =IF(M78>0,(AE78+AN78)/M78,0) -> 0.0026864033 | AD78: 0.0003 | AE78: =AD78*M78 -> 4.263 | AF78: 0.2212 | AG78: =AJ78*(1-AK78)*AF78 -> 34.986319 | AH78: =IF(AND(AF78>0,AD78>0,AA78>0),((AA78-AD78)*AF78)/((AF78-AD78)*AA78),0) -> 0.88119511 | AI78: =IF(AND(AC78>0,AL78>0,AD78>0),((AL78*(AC78-AD78))/(AC78*(AL78-AD78))),0) -> 0.88957126 | AJ78: 174 | AK78: 0.091 | AL78: 0.2144 | AM78: 0.2182 | AN78: =AJ78*(1-AK78)*AL78 -> 33.91079 | AO78: =AJ78*(1-AK78)*AM78 -> 34.511821 | AP78: 1.68 | AR78: =AR77+AJ78-AQ78 -> 2202.22
B79: Общо | D79: =SUM(D76:D78) -> 45629 | F79: =SUM(F76:F78) -> 41377 | I79: =SUM(I76:I78) -> 45737 | K79: =SUM(K76:K78) -> 46572 | L79: =IF(K79>0,(K76*L76+K77*L77+K78*L78)/K79,0) -> 0.078004058 | M79: =M76+M77+M78 -> 42940 | N79: =IF(M79>0,O79/M79,0) -> 0.58302173 | O79: =O76+O77+O78 -> 25034.953 | P79: =IF(M79>0,Q79/M79,0) -> 0.27625538 | Q79: =Q76+Q77+Q78 -> 11862.406 | R79: =IF(M79>0,T79/M79,0) -> 0.14072289 | T79: =T76+T77+T78 -> 6042.641 | U79: =IF(M79>0,V79/M79,0) -> 0.22732869 | V79: =V76+V77+V78 -> 9761.494 | W79: =IF(M79>0,X79/M79,0) -> 0.48766074 | X79: =X76+X77+X78 -> 20940.152 | Y79: =IF(M79>0,Z79/M79,0) -> 0.38334257 | Z79: =Z76+Z77+Z78 -> 16460.73 | AA79: =IF(M79>0,AB79/M79,0) -> 0.0024330871 | AB79: =SUM(AB76:AB78) -> 104.47676 | AC79: =IF(M79>0,(AC76*M76+AC77*M77+AC78*M78)/M79,0) -> 0.002613286 | AD79: =IF(K79>0,(K76*AD76+K77*AD77+K78*AD78)/K79,0) -> 0.00030334815 | AE79: =SUM(AE76:AE78) -> 13.02577 | AF79: =IF(K79>0,(K76*AF76+K77*AF77+K78*AF78)/K79,0) -> 0.21955937 | AG79: =SUM(AG76:AG78) -> 102.33232 | AH79: =IF(AND(AB79>0),((AB76*AH76+AB77*AH77+AB78*AH78)/AB79),0) -> 0.87653463 | AI79: =IF(AND(AC79>0,AL79>0,AD79>0),((AL79*(AC79-AD79))/(AC79*(AL79-AD79))),0) -> 0.88518248 | AJ79: =SUM(AJ76:AJ78) -> 515 | AK79: =IF(AJ79>0,(AK76*AJ76+AK77*AJ77+AK78*AJ78)/AJ79,0) -> 0.094982524 | AL79: =IF(K79>0,(AL76*K76+AL77*K77+AL78*K78)/K79,0) -> 0.21282608 | AM79: =IF(L79>0,(AM76*K76+AM77*K77+AM78*K78)/K79,0) -> 0.21598956 | AN79: =SUM(AN76:AN78) -> 99.188732 | AO79: =SUM(AO76:AO78) -> 100.65543 | AQ79: =SUM(AQ76:AQ78) -> 0 | AS79: =AR78 -> 2202.22 | AT79: =SUM(AT76:AT78) -> 0
A80: 20 | B80: 1 | C80: Георги Томов | D80: 3500 | E80: 0 | F80: 14372 | G80: 1.1 | H80: 4.4 | I80: 15135 | J80: 10 | K80: 15289 | L80: 0.073 | M80: =ROUND(K80*(1-L80),0) -> 14173 | N80: 0.659 | O80: =M80*N80 -> 9340.007 | P80: 0.263 | Q80: =M80*P80 -> 3727.499 | R80: 0.078 | S80: 0.2091 | T80: =M80*R80 -> 1105.494 | U80: 0.214 | V80: =M80*U80 -> 3033.022 | W80: 0.49 | X80: =M80*W80 -> 6944.77 | Y80: 0.38 | Z80: =Y80*M80 -> 5385.74 | AA80: 0.00262 | AB80: =M80*AA80 -> 37.13326 | AC80: =IF(M80>0,(AE80+AN80)/M80,0) -> 0.0024318294 | AD80: 0.00031 | AE80: =AD80*M80 -> 4.39363 | AF80: 0.2188 | AG80: =AJ80*(1-AK80)*AF80 -> 31.588594 | AH80: =IF(AND(AF80>0,AD80>0,AA80>0),((AA80-AD80)*AF80)/((AF80-AD80)*AA80),0) -> 0.88293034 | AI80: =IF(AND(AC80>0,AL80>0,AD80>0),((AL80*(AC80-AD80))/(AC80*(AL80-AD80))),0) -> 0.87382441 | AJ80: 159 | AK80: 0.092 | AL80: 0.2083 | AM80: 0.21 | AN80: =AJ80*(1-AK80)*AL80 -> 30.072688 | AO80: =AJ80*(1-AK80)*AM80 -> 30.31812 | AP80: 1.6 | AQ80: 1003.64 | AR80: =AR78+AJ80-AQ80 -> 1357.58
B81: 2 | C81: Николинка Мутафова | D81: 19510 | E81: 3 | F81: 12968 | G81: 1.9 | H81: 4.7 | I81: 14303 | J81: 10.2 | K81: 15340 | L81: 0.074 | M81: =ROUND(K81*(1-L81),0) -> 14205 | N81: 0.682 | O81: =M81*N81 -> 9687.81 | P81: 0.238 | Q81: =M81*P81 -> 3380.79 | R81: 0.08 | S81: 0.2052 | T81: =M81*R81 -> 1136.4 | U81: 0.202 | V81: =M81*U81 -> 2869.41 | W81: 0.504 | X81: =M81*W81 -> 7159.32 | Y81: 0.39 | Z81: =Y81*M81 -> 5539.95 | AA81: 0.0026 | AB81: =M81*AA81 -> 36.933 | AC81: =IF(M81>0,(AE81+AN81)/M81,0) -> 0.0023676987 | AD81: 0.00031 | AE81: =AD81*M81 -> 4.40355 | AF81: 0.2184 | AG81: =AJ81*(1-AK81)*AF81 -> 30.341002 | AH81: =IF(AND(AF81>0,AD81>0,AA81>0),((AA81-AD81)*AF81)/((AF81-AD81)*AA81),0) -> 0.88202118 | AI81: =IF(AND(AC81>0,AL81>0,AD81>0),((AL81*(AC81-AD81))/(AC81*(AL81-AD81))),0) -> 0.87035354 | AJ81: 153 | AK81: 0.092 | AL81: 0.2104 | AM81: 0.2123 | AN81: =AJ81*(1-AK81)*AL81 -> 29.22961 | AO81: =AJ81*(1-AK81)*AM81 -> 29.493565 | AP81: 1.9 | AR81: =AR80+AJ81-AQ81 -> 1510.58
B82: 3 | C82: Цвета Владова | D82: 20800 | E82: 0 | F82: 15962 | G82: 1.2 | H82: 4.5 | I82: 17375 | J82: 9.4 | K82: 15381 | L82: 0.067 | M82: =ROUND(K82*(1-L82),0) -> 14350 | N82: 0.672 | O82: =M82*N82 -> 9643.2 | P82: 0.25 | Q82: =M82*P82 -> 3587.5 | R82: 0.078 | S82: 0.2128 | T82: =M82*R82 -> 1119.3 | U82: 0.214 | V82: =M82*U82 -> 3070.9 | W82: 0.493 | X82: =M82*W82 -> 7074.55 | Y82: 0.38 | Z82: =Y82*M82 -> 5453 | AA82: 0.0025 | AB82: =M82*AA82 -> 35.875 | AC82: =IF(M82>0,(AE82+AN82)/M82,0) -> 0.0025368106 | AD82: 0.00031 | AE82: =AD82*M82 -> 4.4485 | AF82: 0.225 | AG82: =AJ82*(1-AK82)*AF82 -> 33.117525 | AH82: =IF(AND(AF82>0,AD82>0,AA82>0),((AA82-AD82)*AF82)/((AF82-AD82)*AA82),0) -> 0.8772086 | AI82: =IF(AND(AC82>0,AL82>0,AD82>0),((AL82*(AC82-AD82))/(AC82*(AL82-AD82))),0) -> 0.87905453 | AJ82: 163 | AK82: 0.097 | AL82: 0.2171 | AM82: 0.2196 | AN82: =AJ82*(1-AK82)*AL82 -> 31.954732 | AO82: =AJ82*(1-AK82)*AM82 -> 32.322704 | AP82: 1.8 | AR82: =AR81+AJ82-AQ82 -> 1673.58
B83: Общо | D83: =SUM(D80:D82) -> 43810 | F83: =SUM(F80:F82) -> 43302 | I83: =SUM(I80:I82) -> 46813 | K83: =SUM(K80:K82) -> 46010 | L83: =IF(K83>0,(K80*L80+K81*L81+K82*L82)/K83,0) -> 0.071327624 | M83: =M80+M81+M82 -> 42728 | N83: =IF(M83>0,O83/M83,0) -> 0.67101238 | O83: =O80+O81+O82 -> 28671.017 | P83: =IF(M83>0,Q83/M83,0) -> 0.25032272 | Q83: =Q80+Q81+Q82 -> 10695.789 | R83: =IF(M83>0,T83/M83,0) -> 0.078664904 | T83: =T80+T81+T82 -> 3361.194 | U83: =IF(M83>0,V83/M83,0) -> 0.21001058 | V83: =V80+V81+V82 -> 8973.332 | W83: =IF(M83>0,X83/M83,0) -> 0.49566186 | X83: =X80+X81+X82 -> 21178.64 | Y83: =IF(M83>0,Z83/M83,0) -> 0.38332452 | Z83: =Z80+Z81+Z82 -> 16378.69 | AA83: =IF(M83>0,AB83/M83,0) -> 0.0025730495 | AB83: =SUM(AB80:AB82) -> 109.94126 | AC83: =IF(M83>0,(AC80*M80+AC81*M81+AC82*M82)/M83,0) -> 0.0024457665 | AD83: =IF(K83>0,(K80*AD80+K81*AD81+K82*AD82)/K83,0) -> 0.00031 | AE83: =SUM(AE80:AE82) -> 13.24568 | AF83: =IF(K83>0,(K80*AF80+K81*AF81+K82*AF82)/K83,0) -> 0.22073928 | AG83: =SUM(AG80:AG82) -> 95.04712 | AH83: =IF(AND(AB83>0),((AB80*AH80+AB81*AH81+AB82*AH82)/AB83),0) -> 0.88075786 | AI83: =IF(AND(AC83>0,AL83>0,AD83>0),((AL83*(AC83-AD83))/(AC83*(AL83-AD83))),0) -> 0.87452951 | AJ83: =SUM(AJ80:AJ82) -> 475 | AK83: =IF(AJ83>0,(AK80*AJ80+AK81*AJ81+AK82*AJ82)/AJ83,0) -> 0.093715789 | AL83: =IF(K83>0,(AL80*K80+AL81*K81+AL82*K82)/K83,0) -> 0.21194196 | AM83: =IF(L83>0,(AM80*K80+AM81*K81+AM82*K82)/K83,0) -> 0.21397608 | AN83: =SUM(AN80:AN82) -> 91.257029 | AO83: =SUM(AO80:AO82) -> 92.13439 | AQ83: =SUM(AQ80:AQ82) -> 1003.64 | AS83: =AR82 -> 1673.58 | AT83: =SUM(AT80:AT82) -> 0
A84: 21 | B84: 1 | C84: Георги Томов | D84: 6200 | E84: 0 | F84: 15312 | G84: 1.6 | H84: 3.7 | I84: 17224 | J84: 8.5 | K84: 15330 | L84: 0.064 | M84: =ROUND(K84*(1-L84),0) -> 14349 | N84: 0.649 | O84: =M84*N84 -> 9312.501 | P84: 0.252 | Q84: =M84*P84 -> 3615.948 | R84: 0.099 | S84: 0.2088 | T84: =M84*R84 -> 1420.551 | U84: 0.217 | V84: =M84*U84 -> 3113.733 | W84: 0.499 | X84: =M84*W84 -> 7160.151 | Y84: 0.38 | Z84: =Y84*M84 -> 5452.62 | AA84: 0.00252 | AB84: =M84*AA84 -> 36.15948 | AC84: =IF(M84>0,(AE84+AN84)/M84,0) -> 0.0023685627 | AD84: 0.00032 | AE84: =AD84*M84 -> 4.59168 | AF84: 0.2228 | AG84: =AJ84*(1-AK84)*AF84 -> 29.607446 | AH84: =IF(AND(AF84>0,AD84>0,AA84>0),((AA84-AD84)*AF84)/((AF84-AD84)*AA84),0) -> 0.87427156 | AI84: =IF(AND(AC84>0,AL84>0,AD84>0),((AL84*(AC84-AD84))/(AC84*(AL84-AD84))),0) -> 0.86614999 | AJ84: 147 | AK84: 0.096 | AL84: 0.2212 | AM84: 0.2293 | AN84: =AJ84*(1-AK84)*AL84 -> 29.394826 | AO84: =AJ84*(1-AK84)*AM84 -> 30.471218 | AP84: 1.8 | AQ84: 1008.62 | AR84: =AR82+AJ84-AQ84 -> 811.96
B85: 2 | C85: Николинка Мутафова | D85: 19910 | E85: 5 | F85: 16092 | G85: 1.4 | H85: 5.1 | I85: 17523 | J85: 7.9 | K85: 16178 | L85: 0.076 | M85: =ROUND(K85*(1-L85),0) -> 14948 | N85: 0.695 | O85: =M85*N85 -> 10388.86 | P85: 0.196 | Q85: =M85*P85 -> 2929.808 | R85: 0.109 | S85: 0.2158 | T85: =M85*R85 -> 1629.332 | U85: 0.242 | V85: =M85*U85 -> 3617.416 | W85: 0.48 | X85: =M85*W85 -> 7175.04 | Y85: 0.39 | Z85: =Y85*M85 -> 5829.72 | AA85: 0.00258 | AB85: =M85*AA85 -> 38.56584 | AC85: =IF(M85>0,(AE85+AN85)/M85,0) -> 0.0033312124 | AD85: 0.00032 | AE85: =AD85*M85 -> 4.78336 | AF85: 0.2195 | AG85: =AJ85*(1-AK85)*AF85 -> 45.342115 | AH85: =IF(AND(AF85>0,AD85>0,AA85>0),((AA85-AD85)*AF85)/((AF85-AD85)*AA85),0) -> 0.8772479 | AI85: =IF(AND(AC85>0,AL85>0,AD85>0),((AL85*(AC85-AD85))/(AC85*(AL85-AD85))),0) -> 0.90526832 | AJ85: 227 | AK85: 0.09 | AL85: 0.2179 | AM85: 0.2251 | AN85: =AJ85*(1-AK85)*AL85 -> 45.011603 | AO85: =AJ85*(1-AK85)*AM85 -> 46.498907 | AP85: 1.7 | AR85: =AR84+AJ85-AQ85 -> 1038.96
B86: 3 | C86: Димитър Цончев | D86: 22500 | E86: 2 | F86: 16646 | G86: 1.9 | H86: 5 | I86: 18280 | J86: 7.5 | K86: 16598 | L86: 0.068 | M86: =ROUND(K86*(1-L86),0) -> 15469 | N86: 0.617 | O86: =M86*N86 -> 9544.373 | P86: 0.315 | Q86: =M86*P86 -> 4872.735 | R86: 0.068 | S86: 0.2254 | T86: =M86*R86 -> 1051.892 | U86: 0.246 | V86: =M86*U86 -> 3805.374 | W86: 0.486 | X86: =M86*W86 -> 7517.934 | Y86: 0.38 | Z86: =Y86*M86 -> 5878.22 | AA86: 0.00268 | AB86: =M86*AA86 -> 41.45692 | AC86: =IF(M86>0,(AE86+AN86)/M86,0) -> 0.0027526496 | AD86: 0.00032 | AE86: =AD86*M86 -> 4.95008 | AF86: 0.2208 | AG86: =AJ86*(1-AK86)*AF86 -> 38.184048 | AH86: =IF(AND(AF86>0,AD86>0,AA86>0),((AA86-AD86)*AF86)/((AF86-AD86)*AA86),0) -> 0.88187509 | AI86: =IF(AND(AC86>0,AL86>0,AD86>0),((AL86*(AC86-AD86))/(AC86*(AL86-AD86))),0) -> 0.88504991 | AJ86: 189 | AK86: 0.085 | AL86: 0.2176 | AM86: 0.2278 | AN86: =AJ86*(1-AK86)*AL86 -> 37.630656 | AO86: =AJ86*(1-AK86)*AM86 -> 39.394593 | AP86: 1.65 | AR86: =AR85+AJ86-AQ86 -> 1227.96
B87: Общо | D87: =SUM(D84:D86) -> 48610 | F87: =SUM(F84:F86) -> 48050 | I87: =SUM(I84:I86) -> 53027 | K87: =SUM(K84:K86) -> 48106 | L87: =IF(K87>0,(K84*L84+K85*L85+K86*L86)/K87,0) -> 0.069415707 | M87: =M84+M85+M86 -> 44766 | N87: =IF(M87>0,O87/M87,0) -> 0.65330237 | O87: =O84+O85+O86 -> 29245.734 | P87: =IF(M87>0,Q87/M87,0) -> 0.25507061 | Q87: =Q84+Q85+Q86 -> 11418.491 | R87: =IF(M87>0,T87/M87,0) -> 0.091627016 | T87: =T84+T85+T86 -> 4101.775 | U87: =IF(M87>0,V87/M87,0) -> 0.23536887 | V87: =V84+V85+V86 -> 10536.523 | W87: =IF(M87>0,X87/M87,0) -> 0.48816345 | X87: =X84+X85+X86 -> 21853.125 | Y87: =IF(M87>0,Z87/M87,0) -> 0.38333914 | Z87: =Z84+Z85+Z86 -> 17160.56 | AA87: =IF(M87>0,AB87/M87,0) -> 0.0025953232 | AB87: =SUM(AB84:AB86) -> 116.18224 | AC87: =IF(M87>0,(AC84*M84+AC85*M85+AC86*M86)/M87,0) -> 0.0028227272 | AD87: =IF(K87>0,(K84*AD84+K85*AD85+K86*AD86)/K87,0) -> 0.00032 | AE87: =SUM(AE84:AE86) -> 14.32512 | AF87: =IF(K87>0,(K84*AF84+K85*AF85+K86*AF86)/K87,0) -> 0.22100015 | AG87: =SUM(AG84:AG86) -> 113.13361 | AH87: =IF(AND(AB87>0),((AB84*AH84+AB85*AH85+AB86*AH86)/AB87),0) -> 0.87797268 | AI87: =IF(AND(AC87>0,AL87>0,AD87>0),((AL87*(AC87-AD87))/(AC87*(AL87-AD87))),0) -> 0.88793279 | AJ87: =SUM(AJ84:AJ86) -> 563 | AK87: =IF(AJ87>0,(AK84*AJ84+AK85*AJ85+AK86*AJ86)/AJ87,0) -> 0.089888099 | AL87: =IF(K87>0,(AL84*K84+AL85*K85+AL86*K86)/K87,0) -> 0.21884811 | AM87: =IF(L87>0,(AM84*K84+AM85*K85+AM86*K86)/K87,0) -> 0.22737 | AN87: =SUM(AN84:AN86) -> 112.03708 | AO87: =SUM(AO84:AO86) -> 116.36472 | AQ87: =SUM(AQ84:AQ86) -> 1008.62 | AS87: =AR86 -> 1227.96 | AT87: =SUM(AT84:AT86) -> 0
A88: 22 | B88: 1 | C88: Георги Томов | D88: 7100 | E88: 1 | F88: 14066 | G88: 2.1 | H88: 4.7 | I88: 15079 | J88: 8.1 | K88: 16633 | L88: 0.075 | M88: =ROUND(K88*(1-L88),0) -> 15386 | N88: 0.622 | O88: =M88*N88 -> 9570.092 | P88: 0.288 | Q88: =M88*P88 -> 4431.168 | R88: 0.09 | S88: 0.2218 | T88: =M88*R88 -> 1384.74 | U88: 0.237 | V88: =M88*U88 -> 3646.482 | W88: 0.486 | X88: =M88*W88 -> 7477.596 | Y88: 0.4 | Z88: =Y88*M88 -> 6154.4 | AA88: 0.00281 | AB88: =M88*AA88 -> 43.23466 | AC88: =IF(M88>0,(AE88+AN88)/M88,0) -> 0.0030980455 | AD88: 0.00032 | AE88: =AD88*M88 -> 4.92352 | AF88: 0.2055 | AG88: =AJ88*(1-AK88)*AF88 -> 41.27673 | AH88: =IF(AND(AF88>0,AD88>0,AA88>0),((AA88-AD88)*AF88)/((AF88-AD88)*AA88),0) -> 0.887503 | AI88: =IF(AND(AC88>0,AL88>0,AD88>0),((AL88*(AC88-AD88))/(AC88*(AL88-AD88))),0) -> 0.89805954 | AJ88: 220 | AK88: 0.087 | AL88: 0.2128 | AM88: 0.2155 | AN88: =AJ88*(1-AK88)*AL88 -> 42.743008 | AO88: =AJ88*(1-AK88)*AM88 -> 43.28533 | AP88: 1.6 | AQ88: 502.82 | AR88: =AR86+AJ88-AQ88 -> 945.14
B89: 2 | C89: Николинка Мутафова | D89: 22560 | E89: 5 | F89: 16897 | G89: 2.5 | H89: 4.1 | I89: 19317 | J89: 7.1 | K89: 16615 | L89: 0.071 | M89: =ROUND(K89*(1-L89),0) -> 15435 | N89: 0.661 | O89: =M89*N89 -> 10202.535 | P89: 0.237 | Q89: =M89*P89 -> 3658.095 | R89: 0.102 | S89: 0.2252 | T89: =M89*R89 -> 1574.37 | U89: 0.236 | V89: =M89*U89 -> 3642.66 | W89: 0.484 | X89: =M89*W89 -> 7470.54 | Y89: 0.39 | Z89: =Y89*M89 -> 6019.65 | AA89: 0.00287 | AB89: =M89*AA89 -> 44.29845 | AC89: =IF(M89>0,(AE89+AN89)/M89,0) -> 0.0027600422 | AD89: 0.00032 | AE89: =AD89*M89 -> 4.9392 | AF89: 0.2109 | AG89: =AJ89*(1-AK89)*AF89 -> 39.108452 | AH89: =IF(AND(AF89>0,AD89>0,AA89>0),((AA89-AD89)*AF89)/((AF89-AD89)*AA89),0) -> 0.88985192 | AI89: =IF(AND(AC89>0,AL89>0,AD89>0),((AL89*(AC89-AD89))/(AC89*(AL89-AD89))),0) -> 0.88545485 | AJ89: 204 | AK89: 0.091 | AL89: 0.2031 | AM89: 0.2012 | AN89: =AJ89*(1-AK89)*AL89 -> 37.662052 | AO89: =AJ89*(1-AK89)*AM89 -> 37.309723 | AP89: 1.55 | AR89: =AR88+AJ89-AQ89 -> 1149.14
B90: 3 | C90: Димитър Цончев | D90: 18120 | E90: 3 | F90: 16152 | G90: 1.1 | H90: 3.7 | I90: 17621 | J90: 7 | K90: 16506 | L90: 0.08 | M90: =ROUND(K90*(1-L90),0) -> 15186 | N90: 0.601 | O90: =M90*N90 -> 9126.786 | P90: 0.339 | Q90: =M90*P90 -> 5148.054 | R90: 0.06 | S90: 0.22 | T90: =M90*R90 -> 911.16 | U90: 0.23 | V90: =M90*U90 -> 3492.78 | W90: 0.485 | X90: =M90*W90 -> 7365.21 | Y90: 0.38 | Z90: =Y90*M90 -> 5770.68 | AA90: 0.00283 | AB90: =M90*AA90 -> 42.97638 | AC90: =IF(M90>0,(AE90+AN90)/M90,0) -> 0.0029929427 | AD90: 0.00033 | AE90: =AD90*M90 -> 5.01138 | AF90: 0.217 | AG90: =AJ90*(1-AK90)*AF90 -> 40.57032 | AH90: =IF(AND(AF90>0,AD90>0,AA90>0),((AA90-AD90)*AF90)/((AF90-AD90)*AA90),0) -> 0.88473768 | AI90: =IF(AND(AC90>0,AL90>0,AD90>0),((AL90*(AC90-AD90))/(AC90*(AL90-AD90))),0) -> 0.89110014 | AJ90: 205 | AK90: 0.088 | AL90: 0.2163 | AM90: 0.2262 | AN90: =AJ90*(1-AK90)*AL90 -> 40.439448 | AO90: =AJ90*(1-AK90)*AM90 -> 42.290352 | AP90: 1.6 | AR90: =AR89+AJ90-AQ90 -> 1354.14
B91: Общо | D91: =SUM(D88:D90) -> 47780 | F91: =SUM(F88:F90) -> 47115 | I91: =SUM(I88:I90) -> 52017 | K91: =SUM(K88:K90) -> 49754 | L91: =IF(K91>0,(K88*L88+K89*L89+K90*L90)/K91,0) -> 0.075322989 | M91: =M88+M89+M90 -> 46007 | N91: =IF(M91>0,O91/M91,0) -> 0.62815252 | O91: =O88+O89+O90 -> 28899.413 | P91: =IF(M91>0,Q91/M91,0) -> 0.28772398 | Q91: =Q88+Q89+Q90 -> 13237.317 | R91: =IF(M91>0,T91/M91,0) -> 0.084123503 | T91: =T88+T89+T90 -> 3870.27 | U91: =IF(M91>0,V91/M91,0) -> 0.23435395 | V91: =V88+V89+V90 -> 10781.922 | W91: =IF(M91>0,X91/M91,0) -> 0.48499893 | X91: =X88+X89+X90 -> 22313.346 | Y91: =IF(M91>0,Z91/M91,0) -> 0.39004347 | Z91: =Z88+Z89+Z90 -> 17944.73 | AA91: =IF(M91>0,AB91/M91,0) -> 0.0028367311 | AB91: =SUM(AB88:AB90) -> 130.50949 | AC91: =IF(M91>0,(AC88*M88+AC89*M89+AC90*M90)/M91,0) -> 0.0029499556 | AD91: =IF(K91>0,(K88*AD88+K89*AD89+K90*AD90)/K91,0) -> 0.00032331752 | AE91: =SUM(AE88:AE90) -> 14.8741 | AF91: =IF(K91>0,(K88*AF88+K89*AF89+K90*AF90)/K91,0) -> 0.21111844 | AG91: =SUM(AG88:AG90) -> 120.9555 | AH91: =IF(AND(AB91>0),((AB88*AH88+AB89*AH89+AB90*AH90)/AB91),0) -> 0.88738967 | AI91: =IF(AND(AC91>0,AL91>0,AD91>0),((AL91*(AC91-AD91))/(AC91*(AL91-AD91))),0) -> 0.89176746 | AJ91: =SUM(AJ88:AJ90) -> 629 | AK91: =IF(AJ91>0,(AK88*AJ88+AK89*AJ89+AK90*AJ90)/AJ91,0) -> 0.088623211 | AL91: =IF(K91>0,(AL88*K88+AL89*K89+AL90*K90)/K91,0) -> 0.21072189 | AM91: =IF(L91>0,(AM88*K88+AM89*K89+AM90*K90)/K91,0) -> 0.21427436 | AN91: =SUM(AN88:AN90) -> 120.84451 | AO91: =SUM(AO88:AO90) -> 122.88541 | AQ91: =SUM(AQ88:AQ90) -> 502.82 | AS91: =AR90 -> 1354.14 | AT91: =SUM(AT88:AT90) -> 0
A92: 23 | B92: 1 | C92: Цвета Владова | D92: 9054 | E92: 1 | F92: 16072 | G92: 2.8 | H92: 5.2 | I92: 17919 | J92: 6.6 | K92: 16217 | L92: 0.081 | M92: =ROUND(K92*(1-L92),0) -> 14903 | N92: 0.544 | O92: =M92*N92 -> 8107.232 | P92: 0.313 | Q92: =M92*P92 -> 4664.639 | R92: 0.143 | S92: 0.2093 | T92: =M92*R92 -> 2131.129 | U92: 0.228 | V92: =M92*U92 -> 3397.884 | W92: 0.484 | X92: =M92*W92 -> 7213.052 | Y92: 0.39 | Z92: =Y92*M92 -> 5812.17 | AA92: 0.0027 | AB92: =M92*AA92 -> 40.2381 | AC92: =IF(M92>0,(AE92+AN92)/M92,0) -> 0.0030473945 | AD92: 0.00034 | AE92: =AD92*M92 -> 5.06702 | AF92: 0.2141 | AG92: =AJ92*(1-AK92)*AF92 -> 39.68108 | AH92: =IF(AND(AF92>0,AD92>0,AA92>0),((AA92-AD92)*AF92)/((AF92-AD92)*AA92),0) -> 0.87546435 | AI92: =IF(AND(AC92>0,AL92>0,AD92>0),((AL92*(AC92-AD92))/(AC92*(AL92-AD92))),0) -> 0.88981898 | AJ92: 203 | AK92: 0.087 | AL92: 0.2177 | AM92: 0.226 | AN92: =AJ92*(1-AK92)*AL92 -> 40.3483 | AO92: =AJ92*(1-AK92)*AM92 -> 41.886614 | AP92: 1.6 | AQ92: 1005.72 | AR92: =AR90+AJ92-AQ92 -> 551.42
B93: 2 | C93: Юлияна Цветкова | D93: 23000 | E93: 6 | F93: 15873 | G93: 1.5 | H93: 4.2 | I93: 17849 | J93: 6.1 | K93: 16432 | L93: 0.086 | M93: =ROUND(K93*(1-L93),0) -> 15019 | N93: 0.551 | O93: =M93*N93 -> 8275.469 | P93: 0.332 | Q93: =M93*P93 -> 4986.308 | R93: 0.117 | S93: 0.2128 | T93: =M93*R93 -> 1757.223 | U93: 0.231 | V93: =M93*U93 -> 3469.389 | W93: 0.485 | X93: =M93*W93 -> 7284.215 | Y93: 0.39 | Z93: =Y93*M93 -> 5857.41 | AA93: 0.00272 | AB93: =M93*AA93 -> 40.85168 | AC93: =IF(M93>0,(AE93+AN93)/M93,0) -> 0.0030603588 | AD93: 0.00033 | AE93: =AD93*M93 -> 4.95627 | AF93: 0.2165 | AG93: =AJ93*(1-AK93)*AF93 -> 41.661528 | AH93: =IF(AND(AF93>0,AD93>0,AA93>0),((AA93-AD93)*AF93)/((AF93-AD93)*AA93),0) -> 0.88001784 | AI93: =IF(AND(AC93>0,AL93>0,AD93>0),((AL93*(AC93-AD93))/(AC93*(AL93-AD93))),0) -> 0.89355324 | AJ93: 211 | AK93: 0.088 | AL93: 0.2131 | AM93: 0.2216 | AN93: =AJ93*(1-AK93)*AL93 -> 41.007259 | AO93: =AJ93*(1-AK93)*AM93 -> 42.642931 | AP93: 1.62 | AR93: =AR92+AJ93-AQ93 -> 762.42
B94: 3 | C94: Димитър Цончев | D94: 21646 | E94: 2 | F94: 15633 | G94: 0.8 | H94: 4.2 | I94: 17439 | J94: 5.5 | K94: 16421 | L94: 0.083 | M94: =ROUND(K94*(1-L94),0) -> 15058 | N94: 0.613 | O94: =M94*N94 -> 9230.554 | P94: 0.229 | Q94: =M94*P94 -> 3448.282 | R94: 0.158 | S94: 0.2221 | T94: =M94*R94 -> 2379.164 | U94: 0.217 | V94: =M94*U94 -> 3267.586 | W94: 0.495 | X94: =M94*W94 -> 7453.71 | Y94: 0.38 | Z94: =Y94*M94 -> 5722.04 | AA94: 0.00271 | AB94: =M94*AA94 -> 40.80718 | AC94: =IF(M94>0,(AE94+AN94)/M94,0) -> 0.0026931067 | AD94: 0.00033 | AE94: =AD94*M94 -> 4.96914 | AF94: 0.2186 | AG94: =AJ94*(1-AK94)*AF94 -> 35.846028 | AH94: =IF(AND(AF94>0,AD94>0,AA94>0),((AA94-AD94)*AF94)/((AF94-AD94)*AA94),0) -> 0.87955657 | AI94: =IF(AND(AC94>0,AL94>0,AD94>0),((AL94*(AC94-AD94))/(AC94*(AL94-AD94))),0) -> 0.87880136 | AJ94: 180 | AK94: 0.089 | AL94: 0.217 | AM94: 0.2244 | AN94: =AJ94*(1-AK94)*AL94 -> 35.58366 | AO94: =AJ94*(1-AK94)*AM94 -> 36.797112 | AP94: 1.6 | AR94: =AR93+AJ94-AQ94 -> 942.42
B95: Общо | D95: =SUM(D92:D94) -> 53700 | F95: =SUM(F92:F94) -> 47578 | I95: =SUM(I92:I94) -> 53207 | K95: =SUM(K92:K94) -> 49070 | L95: =IF(K95>0,(K92*L92+K93*L93+K94*L94)/K95,0) -> 0.083343632 | M95: =M92+M93+M94 -> 44980 | N95: =IF(M95>0,O95/M95,0) -> 0.56943653 | O95: =O92+O93+O94 -> 25613.255 | P95: =IF(M95>0,Q95/M95,0) -> 0.29122341 | Q95: =Q92+Q93+Q94 -> 13099.229 | R95: =IF(M95>0,T95/M95,0) -> 0.13934006 | T95: =T92+T93+T94 -> 6267.516 | U95: =IF(M95>0,V95/M95,0) -> 0.22531923 | V95: =V92+V93+V94 -> 10134.859 | W95: =IF(M95>0,X95/M95,0) -> 0.48801639 | X95: =X92+X93+X94 -> 21950.977 | Y95: =IF(M95>0,Z95/M95,0) -> 0.38665229 | Z95: =Z92+Z93+Z94 -> 17391.62 | AA95: =IF(M95>0,AB95/M95,0) -> 0.0027100258 | AB95: =SUM(AB92:AB94) -> 121.89696 | AC95: =IF(M95>0,(AC92*M92+AC93*M93+AC94*M94)/M95,0) -> 0.002933118 | AD95: =IF(K95>0,(K92*AD92+K93*AD93+K94*AD94)/K95,0) -> 0.00033330487 | AE95: =SUM(AE92:AE94) -> 14.99243 | AF95: =IF(K95>0,(K92*AF92+K93*AF93+K94*AF94)/K95,0) -> 0.21640958 | AG95: =SUM(AG92:AG94) -> 117.18864 | AH95: =IF(AND(AB95>0),((AB92*AH92+AB93*AH93+AB94*AH94)/AB95),0) -> 0.87836032 | AI95: =IF(AND(AC95>0,AL95>0,AD95>0),((AL95*(AC95-AD95))/(AC95*(AL95-AD95))),0) -> 0.88773532 | AJ95: =SUM(AJ92:AJ94) -> 594 | AK95: =IF(AJ95>0,(AK92*AJ92+AK93*AJ93+AK94*AJ94)/AJ95,0) -> 0.087961279 | AL95: =IF(K95>0,(AL92*K92+AL93*K93+AL94*K94)/K95,0) -> 0.21592535 | AM95: =IF(L95>0,(AM92*K92+AM93*K93+AM94*K94)/K95,0) -> 0.22399115 | AN95: =SUM(AN92:AN94) -> 116.93922 | AO95: =SUM(AO92:AO94) -> 121.32666 | AQ95: =SUM(AQ92:AQ94) -> 1005.72 | AS95: =AR94 -> 942.42 | AT95: =SUM(AT92:AT94) -> 0
A96: 24 | B96: 1 | C96: Цвета Владова | D96: 9772 | E96: 0 | F96: 7196 | G96: 1.6 | H96: 3.8 | I96: 8877 | J96: 8.1 | K96: 16171 | L96: 0.088 | M96: =ROUND(K96*(1-L96),0) -> 14748 | N96: 0.593 | O96: =M96*N96 -> 8745.564 | P96: 0.29 | Q96: =M96*P96 -> 4276.92 | R96: 0.117 | S96: 0.2183 | T96: =M96*R96 -> 1725.516 | U96: 0.221 | V96: =M96*U96 -> 3259.308 | W96: 0.493 | X96: =M96*W96 -> 7270.764 | Y96: 0.4 | Z96: =Y96*M96 -> 5899.2 | AA96: 0.00252 | AB96: =M96*AA96 -> 37.16496 | AC96: =IF(M96>0,(AE96+AN96)/M96,0) -> 0.0028251617 | AD96: 0.00033 | AE96: =AD96*M96 -> 4.86684 | AF96: 0.2158 | AG96: =AJ96*(1-AK96)*AF96 -> 36.884104 | AH96: =IF(AND(AF96>0,AD96>0,AA96>0),((AA96-AD96)*AF96)/((AF96-AD96)*AA96),0) -> 0.8703786 | AI96: =IF(AND(AC96>0,AL96>0,AD96>0),((AL96*(AC96-AD96))/(AC96*(AL96-AD96))),0) -> 0.88454832 | AJ96: 187 | AK96: 0.086 | AL96: 0.2153 | AM96: 0.2176 | AN96: =AJ96*(1-AK96)*AL96 -> 36.798645 | AO96: =AJ96*(1-AK96)*AM96 -> 37.191757 | AP96: 1.6 | AQ96: 505.56 | AR96: =AR94+AJ96-AQ96+AS96 -> 640.94 | AS96: 17.08
B97: 2 | C97: Юлияна Цветкова | D97: 19700 | E97: 2 | F97: 15946 | G97: 0.9 | H97: 4.6 | I97: 16701 | J97: 7.8 | K97: 16334 | L97: 0.083 | M97: =ROUND(K97*(1-L97),0) -> 14978 | N97: 0.567 | O97: =M97*N97 -> 8492.526 | P97: 0.308 | Q97: =M97*P97 -> 4613.224 | R97: 0.125 | S97: 0.2121 | T97: =M97*R97 -> 1872.25 | U97: 0.223 | V97: =M97*U97 -> 3340.094 | W97: 0.445 | X97: =M97*W97 -> 6665.21 | Y97: 0.4 | Z97: =Y97*M97 -> 5991.2 | AA97: 0.0026 | AB97: =M97*AA97 -> 38.9428 | AC97: =IF(M97>0,(AE97+AN97)/M97,0) -> 0.0028373397 | AD97: 0.00034 | AE97: =AD97*M97 -> 5.09252 | AF97: 0.2101 | AG97: =AJ97*(1-AK97)*AF97 -> 36.637868 | AH97: =IF(AND(AF97>0,AD97>0,AA97>0),((AA97-AD97)*AF97)/((AF97-AD97)*AA97),0) -> 0.87063971 | AI97: =IF(AND(AC97>0,AL97>0,AD97>0),((AL97*(AC97-AD97))/(AC97*(AL97-AD97))),0) -> 0.8815668 | AJ97: 191 | AK97: 0.087 | AL97: 0.2145 | AM97: 0.2187 | AN97: =AJ97*(1-AK97)*AL97 -> 37.405154 | AO97: =AJ97*(1-AK97)*AM97 -> 38.137562 | AP97: 1.6 | AR97: =AR96+AJ97-AQ97 -> 831.94
B98: 3 | C98: Георги Томов | D98: 16828 | E98: 1 | F98: 16552 | G98: 1.1 | H98: 4.1 | I98: 18007 | J98: 6.6 | K98: 16245 | L98: 0.081 | M98: =ROUND(K98*(1-L98),0) -> 14929 | N98: 0.578 | O98: =M98*N98 -> 8628.962 | P98: 0.257 | Q98: =M98*P98 -> 3836.753 | R98: 0.165 | S98: 0.2098 | T98: =M98*R98 -> 2463.285 | U98: 0.234 | V98: =M98*U98 -> 3493.386 | W98: 0.479 | X98: =M98*W98 -> 7150.991 | Y98: 0.4 | Z98: =Y98*M98 -> 5971.6 | AA98: 0.00253 | AB98: =M98*AA98 -> 37.77037 | AC98: =IF(M98>0,(AE98+AN98)/M98,0) -> 0.0025885033 | AD98: 0.00034 | AE98: =AD98*M98 -> 5.07586 | AF98: 0.2031 | AG98: =AJ98*(1-AK98)*AF98 -> 33.192024 | AH98: =IF(AND(AF98>0,AD98>0,AA98>0),((AA98-AD98)*AF98)/((AF98-AD98)*AA98),0) -> 0.86706416 | AI98: =IF(AND(AC98>0,AL98>0,AD98>0),((AL98*(AC98-AD98))/(AC98*(AL98-AD98))),0) -> 0.87009023 | AJ98: 179 | AK98: 0.087 | AL98: 0.2054 | AM98: 0.2095 | AN98: =AJ98*(1-AK98)*AL98 -> 33.567906 | AO98: =AJ98*(1-AK98)*AM98 -> 34.237956 | AP98: 1.6 | AR98: =AR97+AJ98-AQ98 -> 1010.94
B99: Общо | D99: =SUM(D96:D98) -> 46300 | F99: =SUM(F96:F98) -> 39694 | I99: =SUM(I96:I98) -> 43585 | K99: =SUM(K96:K98) -> 48750 | L99: =IF(K99>0,(K96*L96+K97*L97+K98*L98)/K99,0) -> 0.083992103 | M99: =M96+M97+M98 -> 44655 | N99: =IF(M99>0,O99/M99,0) -> 0.5792644 | O99: =O96+O97+O98 -> 25867.052 | P99: =IF(M99>0,Q99/M99,0) -> 0.28500497 | Q99: =Q96+Q97+Q98 -> 12726.897 | R99: =IF(M99>0,T99/M99,0) -> 0.13573062 | T99: =T96+T97+T98 -> 6061.051 | U99: =IF(M99>0,V99/M99,0) -> 0.22601697 | V99: =V96+V97+V98 -> 10092.788 | W99: =IF(M99>0,X99/M99,0) -> 0.47221957 | X99: =X96+X97+X98 -> 21086.965 | Y99: =IF(M99>0,Z99/M99,0) -> 0.4 | Z99: =Z96+Z97+Z98 -> 17862 | AA99: =IF(M99>0,AB99/M99,0) -> 0.0025501765 | AB99: =SUM(AB96:AB98) -> 113.87813 | AC99: =IF(M99>0,(AC96*M96+AC97*M97+AC98*M98)/M99,0) -> 0.0027501271 | AD99: =IF(K99>0,(K96*AD96+K97*AD97+K98*AD98)/K99,0) -> 0.00033668287 | AE99: =SUM(AE96:AE98) -> 15.03522 | AF99: =IF(K99>0,(K96*AF96+K97*AF97+K98*AF98)/K99,0) -> 0.20965815 | AG99: =SUM(AG96:AG98) -> 106.714 | AH99: =IF(AND(AB99>0),((AB96*AH96+AB97*AH97+AB98*AH98)/AB99),0) -> 0.86936858 | AI99: =IF(AND(AC99>0,AL99>0,AD99>0),((AL99*(AC99-AD99))/(AC99*(AL99-AD99))),0) -> 0.8789732 | AJ99: =SUM(AJ96:AJ98) -> 557 | AK99: =IF(AJ99>0,(AK96*AJ96+AK97*AJ97+AK98*AJ98)/AJ99,0) -> 0.086664273 | AL99: =IF(K99>0,(AL96*K96+AL97*K97+AL98*K98)/K99,0) -> 0.21173297 | AM99: =IF(L99>0,(AM96*K96+AM97*K97+AM98*K98)/K99,0) -> 0.21526939 | AN99: =SUM(AN96:AN98) -> 107.7717 | AO99: =SUM(AO96:AO98) -> 109.56728 | AQ99: =SUM(AQ96:AQ98) -> 505.56 | AS99: =AR98 -> 1010.94 | AT99: =SUM(AT96:AT98) -> 0
A100: 25 | B100: 1 | C100: Николинка Мутафова | D100: 14837 | E100: 0 | F100: 15651 | G100: 1.9 | H100: 4.8 | I100: 17592 | J100: 6.1 | K100: 16159 | L100: 0.074 | M100: =ROUND(K100*(1-L100),0) -> 14963 | N100: 0.624 | O100: =M100*N100 -> 9336.912 | P100: 0.251 | Q100: =M100*P100 -> 3755.713 | R100: 0.125 | S100: 0.2026 | T100: =M100*R100 -> 1870.375 | U100: 0.228 | V100: =M100*U100 -> 3411.564 | W100: 0.485 | X100: =M100*W100 -> 7257.055 | Y100: 0.4 | Z100: =Y100*M100 -> 5985.2 | AA100: 0.00264 | AB100: =M100*AA100 -> 39.50232 | AC100: =IF(M100>0,(AE100+AN100)/M100,0) -> 0.0027841632 | AD100: 0.00035 | AE100: =AD100*M100 -> 5.23705 | AF100: 0.2012 | AG100: =AJ100*(1-AK100)*AF100 -> 36.386215 | AH100: =IF(AND(AF100>0,AD100>0,AA100>0),((AA100-AD100)*AF100)/((AF100-AD100)*AA100),0) -> 0.86893581 | AI100: =IF(AND(AC100>0,AL100>0,AD100>0),((AL100*(AC100-AD100))/(AC100*(AL100-AD100))),0) -> 0.87581099 | AJ100: 197 | AK100: 0.082 | AL100: 0.2014 | AM100: 0.2067 | AN100: =AJ100*(1-AK100)*AL100 -> 36.422384 | AO100: =AJ100*(1-AK100)*AM100 -> 37.380868 | AP100: 1.55 | AR100: =AR98+AJ100-AQ100 -> 1207.94
...

Sheet Февруари
A1: Дата | B1: Смяна | C1: Диспечер | D1: Подадена руда от МГТЛ за денонощието | E1: Състояние на склад №2 | F1: Натрошена руда от Цех ССТ | G1: Класа +15,0мм. | H1: Класа +12,5мм. | I1: Превозена руда до междинни бункери | J1: Състояние на междинни бункери | K1: Преработена руда в цех МФЦ | L1: Влага на преработената руда | M1: Суха преработена руда | N1: Грано диорити | P1: Дайки | R1: Шисти | S1: Показания на Гранулометър PSI500i руда, +0,20мм | U1: Смилане класа +0,20мм | W1: Смилане класа -0,08мм | Y1: Плътност на пулпа | AA1: Съдържание на мед в рудите по Химия | AB1: Метал мед в рудите по Химия | AC1: Съдържание на мед в рудите по Куриер | AD1: Метал мед в рудите по Куриер | AE1: Коригирана съдържание на мед в рудите | AF1: Съдържание на мед в отпадъка по Куриер | AG1: Метал мед в отпадъка по Куриер | AH1: Съдържание на мед в медния к-т Куриер | AI1: Метал мед в концентрата по Куриер | AJ1: Технологично извличане по Куриер | AK1: Товарно извличане | AL1: Добит меден концентрат | AM1: Влага на медния концентрат | AN1: Съдържание на мед в медния к-т (Брукер) | AO1: Съдържание на мед в медния к-т /химия-товарен/ | AP1: Метал мед в медния концентрат | AQ1: Метал мед в медния концентрат /химия/ | AR1: Литрово тегло в сгъстителя | AS1: Меден концентрат, автомобилна везна | AT1: Меден концентрат в склад | AU1: Меден концентрат в склад | AV1: Добит молибденов концентрат | AW1: Съдържание на Мо в молибденовия к-т | AX1: последни данни за съдържания в 8-ма пречистка | AZ1: последни данни за съдържания във 2-ра пречистка
D2: тона | E2: метра | F2: тона | G2: % | H2: % | I2: тона | K2: тона | L2: % | M2: тона | N2: % | P2: % | R2: % | U2: % | W2: % | Y2: % | AA2: % | AB2: % | AC2: % | AD2: % | AE2: % | AF2: % | AG2: тона | AH2: % | AI2: тона | AJ2: % | AK2: % | AL2: тона | AM2: % | AN2: % | AP2: тона | AR2: кг/литър | AS2: тон | AT2: тон | AU2: тон | AV2: кг. | AW2: % | AX2: Мо % | AY2: Cu % | AZ2: Мо % | BA2: Cu %
AT3: =Януари!AS127 -> 1589.56
A4: 1 | B4: 1 | C4: Димитър Цончев | D4: 16541 | E4: 0 | F4: 15138 | G4: 0.9 | H4: 3.3 | I4: 17610 | J4: 4 | K4: 16767 | L4: 0.083 | M4: =ROUND(K4*(1-L4),0) -> 15375 | N4: 0.538 | O4: =M4*N4 -> 8271.75 | P4: 0.37 | Q4: =M4*P4 -> 5688.75 | R4: 0.092 | S4: 0.2348 | T4: =M4*R4 -> 1414.5 | U4: 0.24 | V4: =M4*U4 -> 3690 | W4: 0.485 | X4: =M4*W4 -> 7456.875 | Y4: 0.39 | Z4: =Y4*M4 -> 5996.25 | AA4: 0.00263 | AB4: =M4*AA4 -> 40.43625 | AC4: 0.0025 | AD4: =M4*AC4 -> 38.4375 | AE4: =IF(M4>0,(AG4+AP4)/M4,0) -> 0.00032 | AF4: 0.00032 | AG4: =AF4*M4 -> 4.92 | AH4: 0.2126 | AI4: =AL4*(1-AM4)*AH4 -> 32.645155 | AJ4: =IF(AND(AH4>0,AF4>0,AC4>0),((AC4-AF4)*AH4)/((AH4-AF4)*AC4),0) -> 0.87331449 | AK4: =IF(AND(AE4>0,AN4>0,AF4>0),((AN4*(AE4-AF4))/(AE4*(AN4-AF4))),0) -> 0 | AL4: 168 | AM4: 0.086 | AO4: 0.2237 | AP4: =AL4*(1-AM4)*AN4 -> 0 | AQ4: =AL4*(1-AM4)*AO4 -> 34.349582 | AR4: 1.6 | AT4: =AT3+AL4-AS4 -> 1757.56
B5: 2 | C5: Иванка Копаранска | D5: 20564 | E5: 3 | F5: 16070 | G5: 1.3 | H5: 4.9 | I5: 17148 | J5: 3.3 | K5: 16852 | L5: 0.081 | M5: =ROUND(K5*(1-L5),0) -> 15487 | N5: 0.558 | O5: =M5*N5 -> 8641.746 | P5: 0.354 | Q5: =M5*P5 -> 5482.398 | R5: 0.088 | S5: 0.2409 | T5: =M5*R5 -> 1362.856 | U5: 0.241 | V5: =M5*U5 -> 3732.367 | W5: 0.484 | X5: =M5*W5 -> 7495.708 | Y5: 0.41 | Z5: =Y5*M5 -> 6349.67 | AA5: 0.00257 | AB5: =M5*AA5 -> 39.80159 | AC5: 0.00252 | AD5: =M5*AC5 -> 39.02724 | AE5: =IF(M5>0,(AG5+AP5)/M5,0) -> 0.00032 | AF5: 0.00032 | AG5: =AF5*M5 -> 4.95584 | AH5: 0.2074 | AI5: =AL5*(1-AM5)*AH5 -> 34.766047 | AJ5: =IF(AND(AH5>0,AF5>0,AC5>0),((AC5-AF5)*AH5)/((AH5-AF5)*AC5),0) -> 0.87436494 | AK5: =IF(AND(AE5>0,AN5>0,AF5>0),((AN5*(AE5-AF5))/(AE5*(AN5-AF5))),0) -> 0 | AL5: 183 | AM5: 0.084 | AO5: 0.2118 | AP5: =AL5*(1-AM5)*AN5 -> 0 | AQ5: =AL5*(1-AM5)*AO5 -> 35.50361 | AR5: 1.6 | AT5: =AT4+AL5-AS5 -> 1940.56
B6: 3 | C6: Георги Томов | D6: 17200 | E6: 3 | F6: 17570 | G6: 1.3 | H6: 5.2 | I6: 18717 | J6: 3 | K6: 16820 | L6: 0.083 | M6: =ROUND(K6*(1-L6),0) -> 15424 | N6: 0.751 | O6: =M6*N6 -> 11583.424 | P6: 0.202 | Q6: =M6*P6 -> 3115.648 | R6: 0.047 | S6: 0.2233 | T6: =M6*R6 -> 724.928 | U6: 0.242 | V6: =M6*U6 -> 3732.608 | W6: 0.496 | X6: =M6*W6 -> 7650.304 | Y6: 0.4 | Z6: =Y6*M6 -> 6169.6 | AA6: 0.00261 | AB6: =M6*AA6 -> 40.25664 | AC6: 0.00255 | AD6: =M6*AC6 -> 39.3312 | AE6: =IF(M6>0,(AG6+AP6)/M6,0) -> 0.00032 | AF6: 0.00032 | AG6: =AF6*M6 -> 4.93568 | AH6: 0.2069 | AI6: =AL6*(1-AM6)*AH6 -> 32.832547 | AJ6: =IF(AND(AH6>0,AF6>0,AC6>0),((AC6-AF6)*AH6)/((AH6-AF6)*AC6),0) -> 0.87586445 | AK6: =IF(AND(AE6>0,AN6>0,AF6>0),((AN6*(AE6-AF6))/(AE6*(AN6-AF6))),0) -> 0 | AL6: 174 | AM6: 0.088 | AO6: 0.2201 | AP6: =AL6*(1-AM6)*AN6 -> 0 | AQ6: =AL6*(1-AM6)*AO6 -> 34.927229 | AR6: 1.55 | AT6: =AT5+AL6-AS6 -> 2114.56
B7: Общо | D7: =SUM(D4:D6) -> 54305 | F7: =SUM(F4:F6) -> 48778 | I7: =SUM(I4:I6) -> 53475 | K7: =SUM(K4:K6) -> 50439 | L7: =IF(K7>0,(K4*L4+K5*L5+K6*L6)/K7,0) -> 0.082331787 | M7: =M4+M5+M6 -> 46286 | N7: =IF(M7>0,O7/M7,0) -> 0.6156704 | O7: =O4+O5+O6 -> 28496.92 | P7: =IF(M7>0,Q7/M7,0) -> 0.30866344 | Q7: =Q4+Q5+Q6 -> 14286.796 | R7: =IF(M7>0,T7/M7,0) -> 0.075666163 | T7: =T4+T5+T6 -> 3502.284 | U7: =IF(M7>0,V7/M7,0) -> 0.24100106 | V7: =V4+V5+V6 -> 11154.975 | W7: =IF(M7>0,X7/M7,0) -> 0.48833096 | X7: =X4+X5+X6 -> 22602.887 | Y7: =IF(M7>0,Z7/M7,0) -> 0.4000242 | Z7: =Z4+Z5+Z6 -> 18515.52 | AA7: =IF(M7>0,AB7/M7,0) -> 0.0026032597 | AB7: =SUM(AB4:AB6) -> 120.49448 | AC7: =IF(M7>0,AD7/M7,0) -> 0.0025233535 | AD7: =SUM(AD4:AD6) -> 116.79594 | AE7: =IF(M7>0,(AE4*M4+AE5*M5+AE6*M6)/M7,0) -> 0.00032 | AF7: =IF(K7>0,(K4*AF4+K5*AF5+K6*AF6)/K7,0) -> 0.00032 | AG7: =SUM(AG4:AG6) -> 14.81152 | AH7: =IF(K7>0,(K4*AH4+K5*AH5+K6*AH6)/K7,0) -> 0.20896185 | AI7: =SUM(AI4:AI6) -> 100.24375 | AJ7: =IF(AND(AD7>0),((AD4*AJ4+AD5*AJ5+AD6*AJ6)/AD7),0) -> 0.8745242 | AK7: =IF(AND(AE7>0,AN7>0,AF7>0),((AN7*(AE7-AF7))/(AE7*(AN7-AF7))),0) -> 0 | AL7: =SUM(AL4:AL6) -> 525 | AM7: =IF(AL7>0,(AM4*AL4+AM5*AL5+AM6*AL6)/AL7,0) -> 0.085965714 | AN7: =IF(K7>0,(AN4*K4+AN5*K5+AN6*K6)/K7,0) -> 0 | AO7: =IF(K7>0,(AO4*K4+AO5*K5+AO6*K6)/K7,0) -> 0.21852363 | AP7: =SUM(AP4:AP6) -> 0 | AQ7: =SUM(AQ4:AQ6) -> 104.78042 | AS7: =SUM(AS4:AS6) -> 0 | AU7: =AT6 -> 2114.56 | AV7: =SUM(AV4:AV6) -> 0
A8: 2 | B8: 1 | C8: Димитър Цончев | D8: 16331 | E8: 0 | F8: 15019 | G8: 0.7 | H8: 4.4 | I8: 16781 | J8: 3.8 | K8: 16801 | L8: 0.076 | M8: =ROUND(K8*(1-L8),0) -> 15524 | N8: 0.655 | O8: =M8*N8 -> 10168.22 | P8: 0.26 | Q8: =M8*P8 -> 4036.24 | R8: 0.085 | S8: 0.2365 | T8: =M8*R8 -> 1319.54 | U8: 0.232 | V8: =M8*U8 -> 3601.568 | W8: 0.492 | X8: =M8*W8 -> 7637.808 | Y8: 0.39 | Z8: =Y8*M8 -> 6054.36 | AA8: 0.00252 | AB8: =M8*AA8 -> 39.12048 | AC8: 0.00242 | AD8: =M8*AC8 -> 37.56808 | AE8: =IF(M8>0,(AG8+AP8)/M8,0) -> 0.00033 | AF8: 0.00033 | AG8: =AF8*M8 -> 5.12292 | AH8: 0.2035 | AI8: =AL8*(1-AM8)*AH8 -> 17.611908 | AJ8: =IF(AND(AH8>0,AF8>0,AC8>0),((AC8-AF8)*AH8)/((AH8-AF8)*AC8),0) -> 0.86503913 | AK8: =IF(AND(AE8>0,AN8>0,AF8>0),((AN8*(AE8-AF8))/(AE8*(AN8-AF8))),0) -> 0 | AL8: 95 | AM8: 0.089 | AO8: 0.2219 | AP8: =AL8*(1-AM8)*AN8 -> 0 | AQ8: =AL8*(1-AM8)*AO8 -> 19.204335 | AR8: 1.5 | AT8: =AT6+AL8-AS8 -> 2209.56
B9: 2 | C9: Иванка Копаранска | D9: 21629 | E9: 1 | F9: 14149 | G9: 0.8 | H9: 3.9 | I9: 15917 | J9: 3.1 | K9: 16347 | L9: 0.082 | M9: =ROUND(K9*(1-L9),0) -> 15007 | N9: 0.631 | O9: =M9*N9 -> 9469.417 | P9: 0.275 | Q9: =M9*P9 -> 4126.925 | R9: 0.094 | S9: 0.2267 | T9: =M9*R9 -> 1410.658 | U9: 0.238 | V9: =M9*U9 -> 3571.666 | W9: 0.497 | X9: =M9*W9 -> 7458.479 | Y9: 0.4 | Z9: =Y9*M9 -> 6002.8 | AA9: 0.00246 | AB9: =M9*AA9 -> 36.91722 | AC9: 0.0024 | AD9: =M9*AC9 -> 36.0168 | AE9: =IF(M9>0,(AG9+AP9)/M9,0) -> 0.00032 | AF9: 0.00032 | AG9: =AF9*M9 -> 4.80224 | AH9: 0.201 | AI9: =AL9*(1-AM9)*AH9 -> 32.593758 | AJ9: =IF(AND(AH9>0,AF9>0,AC9>0),((AC9-AF9)*AH9)/((AH9-AF9)*AC9),0) -> 0.86804863 | AK9: =IF(AND(AE9>0,AN9>0,AF9>0),((AN9*(AE9-AF9))/(AE9*(AN9-AF9))),0) -> 0 | AL9: 178 | AM9: 0.089 | AO9: 0.2047 | AP9: =AL9*(1-AM9)*AN9 -> 0 | AQ9: =AL9*(1-AM9)*AO9 -> 33.193743 | AR9: 1.6 | AT9: =AT8+AL9-AS9 -> 2387.56
B10: 3 | C10: Цвета Владова | D10: 12700 | E10: 1 | F10: 15465 | G10: 0.9 | H10: 4.5 | I10: 17334 | J10: 2.8 | K10: 16541 | L10: 0.079 | M10: =ROUND(K10*(1-L10),0) -> 15234 | N10: 0.675 | O10: =M10*N10 -> 10282.95 | P10: 0.291 | Q10: =M10*P10 -> 4433.094 | R10: 0.034 | S10: 0.2249 | T10: =M10*R10 -> 517.956 | U10: 0.233 | V10: =M10*U10 -> 3549.522 | W10: 0.48 | X10: =M10*W10 -> 7312.32 | Y10: 0.41 | Z10: =Y10*M10 -> 6245.94 | AA10: 0.00265 | AB10: =M10*AA10 -> 40.3701 | AC10: 0.00257 | AD10: =M10*AC10 -> 39.15138 | AE10: =IF(M10>0,(AG10+AP10)/M10,0) -> 0.00032 | AF10: 0.00032 | AG10: =AF10*M10 -> 4.87488 | AH10: 0.2014 | AI10: =AL10*(1-AM10)*AH10 -> 33.0584 | AJ10: =IF(AND(AH10>0,AF10>0,AC10>0),((AC10-AF10)*AH10)/((AH10-AF10)*AC10),0) -> 0.87687964 | AK10: =IF(AND(AE10>0,AN10>0,AF10>0),((AN10*(AE10-AF10))/(AE10*(AN10-AF10))),0) -> 0 | AL10: 179 | AM10: 0.083 | AO10: 0.2143 | AP10: =AL10*(1-AM10)*AN10 -> 0 | AQ10: =AL10*(1-AM10)*AO10 -> 35.175845 | AR10: 1.6 | AT10: =AT9+AL10-AS10 -> 2566.56
B11: Общо | D11: =SUM(D8:D10) -> 50660 | F11: =SUM(F8:F10) -> 44633 | I11: =SUM(I8:I10) -> 50032 | K11: =SUM(K8:K10) -> 49689 | L11: =IF(K11>0,(K8*L8+K9*L9+K10*L10)/K11,0) -> 0.07897259 | M11: =M8+M9+M10 -> 45765 | N11: =IF(M11>0,O11/M11,0) -> 0.65378755 | O11: =O8+O9+O10 -> 29920.587 | P11: =IF(M11>0,Q11/M11,0) -> 0.27523782 | Q11: =Q8+Q9+Q10 -> 12596.259 | R11: =IF(M11>0,T11/M11,0) -> 0.070974631 | T11: =T8+T9+T10 -> 3248.154 | U11: =IF(M11>0,V11/M11,0) -> 0.23430036 | V11: =V8+V9+V10 -> 10722.756 | W11: =IF(M11>0,X11/M11,0) -> 0.48964508 | X11: =X8+X9+X10 -> 22408.607 | Y11: =IF(M11>0,Z11/M11,0) -> 0.39993663 | Z11: =Z8+Z9+Z10 -> 18303.1 | AA11: =IF(M11>0,AB11/M11,0) -> 0.0025435988 | AB11: =SUM(AB8:AB10) -> 116.4078 | AC11: =IF(M11>0,AD11/M11,0) -> 0.0024633729 | AD11: =SUM(AD8:AD10) -> 112.73626 | AE11: =IF(M11>0,(AE8*M8+AE9*M9+AE10*M10)/M11,0) -> 0.00032339211 | AF11: =IF(K11>0,(K8*AF8+K9*AF9+K10*AF10)/K11,0) -> 0.00032338123 | AG11: =SUM(AG8:AG10) -> 14.80004 | AH11: =IF(K11>0,(K8*AH8+K9*AH9+K10*AH10)/K11,0) -> 0.20197846 | AI11: =SUM(AI8:AI10) -> 83.264066 | AJ11: =IF(AND(AD11>0),((AD8*AJ8+AD9*AJ9+AD10*AJ10)/AD11),0) -> 0.87011261 | AK11: =IF(AND(AE11>0,AN11>0,AF11>0),((AN11*(AE11-AF11))/(AE11*(AN11-AF11))),0) -> 0 | AL11: =SUM(AL8:AL10) -> 452 | AM11: =IF(AL11>0,(AM8*AL8+AM9*AL9+AM10*AL10)/AL11,0) -> 0.086623894 | AN11: =IF(K11>0,(AN8*K8+AN9*K9+AN10*K10)/K11,0) -> 0 | AO11: =IF(K11>0,(AO8*K8+AO9*K9+AO10*K10)/K11,0) -> 0.21371147 | AP11: =SUM(AP8:AP10) -> 0 | AQ11: =SUM(AQ8:AQ10) -> 87.573923 | AS11: =SUM(AS8:AS10) -> 0 | AU11: =AT10 -> 2566.56 | AV11: =SUM(AV8:AV10) -> 0
A12: 3 | B12: 1 | C12: Георги Томов | D12: 5930 | E12: 0 | F12: 8195 | G12: 0.6 | H12: 5 | I12: 9213 | J12: 5 | K12: 16450 | L12: 0.079 | M12: =ROUND(K12*(1-L12),0) -> 15150 | N12: 0.739 | O12: =M12*N12 -> 11195.85 | P12: 0.174 | Q12: =M12*P12 -> 2636.1 | R12: 0.087 | S12: 0.2276 | T12: =M12*R12 -> 1318.05 | U12: 0.232 | V12: =M12*U12 -> 3514.8 | W12: 0.491 | X12: =M12*W12 -> 7438.65 | Y12: 0.4 | Z12: =Y12*M12 -> 6060 | AA12: 0.00239 | AB12: =M12*AA12 -> 36.2085 | AC12: 0.00244 | AD12: =M12*AC12 -> 36.966 | AE12: =IF(M12>0,(AG12+AP12)/M12,0) -> 0.00032 | AF12: 0.00032 | AG12: =AF12*M12 -> 4.848 | AH12: 0.2006 | AI12: =AL12*(1-AM12)*AH12 -> 31.237432 | AJ12: =IF(AND(AH12>0,AF12>0,AC12>0),((AC12-AF12)*AH12)/((AH12-AF12)*AC12),0) -> 0.87024068 | AK12: =IF(AND(AE12>0,AN12>0,AF12>0),((AN12*(AE12-AF12))/(AE12*(AN12-AF12))),0) -> 0 | AL12: 170 | AM12: 0.084 | AO12: 0.225 | AP12: =AL12*(1-AM12)*AN12 -> 0 | AQ12: =AL12*(1-AM12)*AO12 -> 35.037 | AR12: 1.55 | AS12: 1103.38 | AT12: =AT10+AL12-AS12 -> 1633.18
B13: 2 | C13: Иванка Копаранска | D13: 19670 | E13: 1 | F13: 14185 | G13: 1.9 | H13: 6.2 | I13: 15917 | J13: 5.1 | K13: 16416 | L13: 0.078 | M13: =ROUND(K13*(1-L13),0) -> 15136 | N13: 0.685 | O13: =M13*N13 -> 10368.16 | P13: 0.251 | Q13: =M13*P13 -> 3799.136 | R13: 0.064 | S13: 0.2293 | T13: =M13*R13 -> 968.704 | U13: 0.235 | V13: =M13*U13 -> 3556.96 | W13: 0.493 | X13: =M13*W13 -> 7462.048 | Y13: 0.4 | Z13: =Y13*M13 -> 6054.4 | AA13: 0.00258 | AB13: =M13*AA13 -> 39.05088 | AC13: 0.00244 | AD13: =M13*AC13 -> 36.93184 | AE13: =IF(M13>0,(AG13+AP13)/M13,0) -> 0.0003 | AF13: 0.0003 | AG13: =AF13*M13 -> 4.5408 | AH13: 0.1982 | AI13: =AL13*(1-AM13)*AH13 -> 31.11304 | AJ13: =IF(AND(AH13>0,AF13>0,AC13>0),((AC13-AF13)*AH13)/((AH13-AF13)*AC13),0) -> 0.87837871 | AK13: =IF(AND(AE13>0,AN13>0,AF13>0),((AN13*(AE13-AF13))/(AE13*(AN13-AF13))),0) -> 0 | AL13: 171 | AM13: 0.082 | AO13: 0.2122 | AP13: =AL13*(1-AM13)*AN13 -> 0 | AQ13: =AL13*(1-AM13)*AO13 -> 33.310732 | AR13: 1.6 | AT13: =AT12+AL13-AS13 -> 1804.18
B14: 3 | C14: Цвета Владова | D14: 13600 | E14: 0 | F14: 13578 | G14: 1.6 | H14: 4.9 | I14: 15403 | J14: 4.3 | K14: 15201 | L14: 0.083 | M14: =ROUND(K14*(1-L14),0) -> 13939 | N14: 0.666 | O14: =M14*N14 -> 9283.374 | P14: 0.253 | Q14: =M14*P14 -> 3526.567 | R14: 0.081 | S14: 0.2188 | T14: =M14*R14 -> 1129.059 | U14: 0.229 | V14: =M14*U14 -> 3192.031 | W14: 0.49 | X14: =M14*W14 -> 6830.11 | Y14: 0.42 | Z14: =Y14*M14 -> 5854.38 | AA14: 0.00274 | AB14: =M14*AA14 -> 38.19286 | AC14: 0.00245 | AD14: =M14*AC14 -> 34.15055 | AE14: =IF(M14>0,(AG14+AP14)/M14,0) -> 0.0003 | AF14: 0.0003 | AG14: =AF14*M14 -> 4.1817 | AH14: 0.2043 | AI14: =AL14*(1-AM14)*AH14 -> 32.516388 | AJ14: =IF(AND(AH14>0,AF14>0,AC14>0),((AC14-AF14)*AH14)/((AH14-AF14)*AC14),0) -> 0.87884154 | AK14: =IF(AND(AE14>0,AN14>0,AF14>0),((AN14*(AE14-AF14))/(AE14*(AN14-AF14))),0) -> 0 | AL14: 173 | AM14: 0.08 | AO14: 0.2167 | AP14: =AL14*(1-AM14)*AN14 -> 0 | AQ14: =AL14*(1-AM14)*AO14 -> 34.489972 | AR14: 1.55 | AT14: =AT13+AL14-AS14 -> 1977.18
B15: Общо | D15: =SUM(D12:D14) -> 39200 | F15: =SUM(F12:F14) -> 35958 | I15: =SUM(I12:I14) -> 40533 | K15: =SUM(K12:K14) -> 48067 | L15: =IF(K15>0,(K12*L12+K13*L13+K14*L14)/K15,0) -> 0.079923461 | M15: =M12+M13+M14 -> 44225 | N15: =IF(M15>0,O15/M15,0) -> 0.6975101 | O15: =O12+O13+O14 -> 30847.384 | P15: =IF(M15>0,Q15/M15,0) -> 0.22525275 | Q15: =Q12+Q13+Q14 -> 9961.803 | R15: =IF(M15>0,T15/M15,0) -> 0.077237151 | T15: =T12+T13+T14 -> 3415.813 | U15: =IF(M15>0,V15/M15,0) -> 0.2320812 | V15: =V12+V13+V14 -> 10263.791 | W15: =IF(M15>0,X15/M15,0) -> 0.49136932 | X15: =X12+X13+X14 -> 21730.808 | Y15: =IF(M15>0,Z15/M15,0) -> 0.40630367 | Z15: =Z12+Z13+Z14 -> 17968.78 | AA15: =IF(M15>0,AB15/M15,0) -> 0.0025653418 | AB15: =SUM(AB12:AB14) -> 113.45224 | AC15: =IF(M15>0,AD15/M15,0) -> 0.0024431518 | AD15: =SUM(AD12:AD14) -> 108.04839 | AE15: =IF(M15>0,(AE12*M12+AE13*M13+AE14*M14)/M15,0) -> 0.00030685133 | AF15: =IF(K15>0,(K12*AF12+K13*AF13+K14*AF14)/K15,0) -> 0.00030684461 | AG15: =SUM(AG12:AG14) -> 13.5705 | AH15: =IF(K15>0,(K12*AH12+K13*AH13+K14*AH14)/K15,0) -> 0.20095045 | AI15: =SUM(AI12:AI14) -> 94.86686 | AJ15: =IF(AND(AD15>0),((AD12*AJ12+AD13*AJ13+AD14*AJ14)/AD15),0) -> 0.87574078 | AK15: =IF(AND(AE15>0,AN15>0,AF15>0),((AN15*(AE15-AF15))/(AE15*(AN15-AF15))),0) -> 0 | AL15: =SUM(AL12:AL14) -> 514 | AM15: =IF(AL15>0,(AM12*AL12+AM13*AL13+AM14*AL14)/AL15,0) -> 0.081988327 | AN15: =IF(K15>0,(AN12*K12+AN13*K13+AN14*K14)/K15,0) -> 0 | AO15: =IF(K15>0,(AO12*K12+AO13*K13+AO14*K14)/K15,0) -> 0.21800366 | AP15: =SUM(AP12:AP14) -> 0 | AQ15: =SUM(AQ12:AQ14) -> 102.8377 | AS15: =SUM(AS12:AS14) -> 1103.38 | AU15: =AT14 -> 1977.18 | AV15: =SUM(AV12:AV14) -> 0
A16: 4 | B16: 1 | C16: Георги Томов | D16: 5056 | E16: 0 | F16: 9605 | G16: 0.9 | H16: 5.3 | I16: 10565 | J16: 5 | K16: 11259 | L16: 0.076 | M16: =ROUND(K16*(1-L16),0) -> 10403 | N16: 0.604 | O16: =M16*N16 -> 6283.412 | P16: 0.292 | Q16: =M16*P16 -> 3037.676 | R16: 0.104 | S16: 0.1965 | T16: =M16*R16 -> 1081.912 | U16: 0.18 | V16: =M16*U16 -> 1872.54 | W16: 0.508 | X16: =M16*W16 -> 5284.724 | Y16: 0.4 | Z16: =Y16*M16 -> 4161.2 | AA16: 0.00251 | AB16: =M16*AA16 -> 26.11153 | AC16: 0.00222 | AD16: =M16*AC16 -> 23.09466 | AE16: =IF(M16>0,(AG16+AP16)/M16,0) -> 0.00029 | AF16: 0.00029 | AG16: =AF16*M16 -> 3.01687 | AH16: 0.1948 | AI16: =AL16*(1-AM16)*AH16 -> 22.150318 | AJ16: =IF(AND(AH16>0,AF16>0,AC16>0),((AC16-AF16)*AH16)/((AH16-AF16)*AC16),0) -> 0.87066553 | AK16: =IF(AND(AE16>0,AN16>0,AF16>0),((AN16*(AE16-AF16))/(AE16*(AN16-AF16))),0) -> 0 | AL16: 124 | AM16: 0.083 | AO16: 0.2182 | AP16: =AL16*(1-AM16)*AN16 -> 0 | AQ16: =AL16*(1-AM16)*AO16 -> 24.811086 | AR16: 1.55 | AS16: 1006.36 | AT16: =AT14+AL16-AS16 -> 1094.82
B17: 2 | C17: Юлияна Цветкова | D17: 20228 | E17: 3 | F17: 13361 | G17: 1 | H17: 4.5 | I17: 15061 | J17: 5 | K17: 14900 | L17: 0.078 | M17: =ROUND(K17*(1-L17),0) -> 13738 | N17: 0.636 | O17: =M17*N17 -> 8737.368 | P17: 0.212 | Q17: =M17*P17 -> 2912.456 | R17: 0.152 | S17: 0.2327 | T17: =M17*R17 -> 2088.176 | U17: 0.225 | V17: =M17*U17 -> 3091.05 | W17: 0.496 | X17: =M17*W17 -> 6814.048 | Y17: 0.41 | Z17: =Y17*M17 -> 5632.58 | AA17: 0.00233 | AB17: =M17*AA17 -> 32.00954 | AC17: 0.00222 | AD17: =M17*AC17 -> 30.49836 | AE17: =IF(M17>0,(AG17+AP17)/M17,0) -> 0.0003 | AF17: 0.0003 | AG17: =AF17*M17 -> 4.1214 | AH17: 0.1823 | AI17: =AL17*(1-AM17)*AH17 -> 23.403674 | AJ17: =IF(AND(AH17>0,AF17>0,AC17>0),((AC17-AF17)*AH17)/((AH17-AF17)*AC17),0) -> 0.86629047 | AK17: =IF(AND(AE17>0,AN17>0,AF17>0),((AN17*(AE17-AF17))/(AE17*(AN17-AF17))),0) -> 0 | AL17: 140 | AM17: 0.083 | AO17: 0.2057 | AP17: =AL17*(1-AM17)*AN17 -> 0 | AQ17: =AL17*(1-AM17)*AO17 -> 26.407766 | AR17: 1.5 | AT17: =AT16+AL17-AS17 -> 1234.82
B18: 3 | C18: Цвета Владова | D18: 19500 | E18: 1 | F18: 14199 | G18: 0.7 | H18: 3.9 | I18: 16603 | J18: 2.9 | K18: 12558 | L18: 0.08 | M18: =ROUND(K18*(1-L18),0) -> 11553 | N18: 0.573 | O18: =M18*N18 -> 6619.869 | P18: 0.195 | Q18: =M18*P18 -> 2252.835 | R18: 0.232 | S18: 0.1939 | T18: =M18*R18 -> 2680.296 | U18: 0.18 | V18: =M18*U18 -> 2079.54 | W18: 0.523 | X18: =M18*W18 -> 6042.219 | Y18: 0.4 | Z18: =Y18*M18 -> 4621.2 | AA18: 0.00221 | AB18: =M18*AA18 -> 25.53213 | AC18: 0.00208 | AD18: =M18*AC18 -> 24.03024 | AE18: =IF(M18>0,(AG18+AP18)/M18,0) -> 0.0003 | AF18: 0.0003 | AG18: =AF18*M18 -> 3.4659 | AH18: 0.1974 | AI18: =AL18*(1-AM18)*AH18 -> 25.980998 | AJ18: =IF(AND(AH18>0,AF18>0,AC18>0),((AC18-AF18)*AH18)/((AH18-AF18)*AC18),0) -> 0.85707177 | AK18: =IF(AND(AE18>0,AN18>0,AF18>0),((AN18*(AE18-AF18))/(AE18*(AN18-AF18))),0) -> 0 | AL18: 144 | AM18: 0.086 | AO18: 0.2067 | AP18: =AL18*(1-AM18)*AN18 -> 0 | AQ18: =AL18*(1-AM18)*AO18 -> 27.205027 | AR18: 1.55 | AT18: =AT17+AL18-AS18 -> 1378.82
B19: Общо | D19: =SUM(D16:D18) -> 44784 | F19: =SUM(F16:F18) -> 37165 | I19: =SUM(I16:I18) -> 42229 | K19: =SUM(K16:K18) -> 38717 | L19: =IF(K19>0,(K16*L16+K17*L17+K18*L18)/K19,0) -> 0.078067102 | M19: =M16+M17+M18 -> 35694 | N19: =IF(M19>0,O19/M19,0) -> 0.60628254 | O19: =O16+O17+O18 -> 21640.649 | P19: =IF(M19>0,Q19/M19,0) -> 0.22981361 | Q19: =Q16+Q17+Q18 -> 8202.967 | R19: =IF(M19>0,T19/M19,0) -> 0.16390385 | T19: =T16+T17+T18 -> 5850.384 | U19: =IF(M19>0,V19/M19,0) -> 0.19731972 | V19: =V16+V17+V18 -> 7043.13 | W19: =IF(M19>0,X19/M19,0) -> 0.50823643 | X19: =X16+X17+X18 -> 18140.991 | Y19: =IF(M19>0,Z19/M19,0) -> 0.40384883 | Z19: =Z16+Z17+Z18 -> 14414.98 | AA19: =IF(M19>0,AB19/M19,0) -> 0.0023436208 | AB19: =SUM(AB16:AB18) -> 83.6532 | AC19: =IF(M19>0,AD19/M19,0) -> 0.0021746865 | AD19: =SUM(AD16:AD18) -> 77.62326 | AE19: =IF(M19>0,(AE16*M16+AE17*M17+AE18*M18)/M19,0) -> 0.0002970855 | AF19: =IF(K19>0,(K16*AF16+K17*AF17+K18*AF18)/K19,0) -> 0.00029709198 | AG19: =SUM(AG16:AG18) -> 10.60417 | AH19: =IF(K19>0,(K16*AH16+K17*AH17+K18*AH18)/K19,0) -> 0.19083277 | AI19: =SUM(AI16:AI18) -> 71.534991 | AJ19: =IF(AND(AD19>0),((AD16*AJ16+AD17*AJ17+AD18*AJ18)/AD19),0) -> 0.86473827 | AK19: =IF(AND(AE19>0,AN19>0,AF19>0),((AN19*(AE19-AF19))/(AE19*(AN19-AF19))),0) -> 0 | AL19: =SUM(AL16:AL18) -> 408 | AM19: =IF(AL19>0,(AM16*AL16+AM17*AL17+AM18*AL18)/AL19,0) -> 0.084058824 | AN19: =IF(K19>0,(AN16*K16+AN17*K17+AN18*K18)/K19,0) -> 0 | AO19: =IF(K19>0,(AO16*K16+AO17*K17+AO18*K18)/K19,0) -> 0.20965938 | AP19: =SUM(AP16:AP18) -> 0 | AQ19: =SUM(AQ16:AQ18) -> 78.423879 | AS19: =SUM(AS16:AS18) -> 1006.36 | AU19: =AT18 -> 1378.82 | AV19: =SUM(AV16:AV18) -> 0
A20: 5 | B20: 1 | C20: Иванка Копаранска | D20: 3277 | E20: 0 | F20: 9735 | G20: 0.7 | H20: 3.9 | I20: 11110 | J20: 4.9 | K20: 15688 | L20: 0.08 | M20: =ROUND(K20*(1-L20),0) -> 14433 | N20: 0.553 | O20: =M20*N20 -> 7981.449 | P20: 0.234 | Q20: =M20*P20 -> 3377.322 | R20: 0.213 | S20: 0.1966 | T20: =M20*R20 -> 3074.229 | U20: 0.256 | V20: =M20*U20 -> 3694.848 | W20: 0.484 | X20: =M20*W20 -> 6985.572 | Y20: 0.4 | Z20: =Y20*M20 -> 5773.2 | AA20: 0.00243 | AB20: =M20*AA20 -> 35.07219 | AC20: 0.00232 | AD20: =M20*AC20 -> 33.48456 | AE20: =IF(M20>0,(AG20+AP20)/M20,0) -> 0.00034 | AF20: 0.00034 | AG20: =AF20*M20 -> 4.90722 | AH20: 0.197 | AI20: =AL20*(1-AM20)*AH20 -> 24.640957 | AJ20: =IF(AND(AH20>0,AF20>0,AC20>0),((AC20-AF20)*AH20)/((AH20-AF20)*AC20),0) -> 0.85492378 | AK20: =IF(AND(AE20>0,AN20>0,AF20>0),((AN20*(AE20-AF20))/(AE20*(AN20-AF20))),0) -> 0 | AL20: 137 | AM20: 0.087 | AO20: 0.2173 | AP20: =AL20*(1-AM20)*AN20 -> 0 | AQ20: =AL20*(1-AM20)*AO20 -> 27.180101 | AR20: 1.6 | AS20: 1001.84 | AT20: =AT18+AL20-AS20 -> 513.98
B21: 2 | C21: Георги Томов | D21: 23634 | E21: 2 | F21: 17269 | G21: 0.5 | H21: 4.8 | I21: 20331 | J21: 3.5 | K21: 15640 | L21: 0.057 | M21: =ROUND(K21*(1-L21),0) -> 14749 | N21: 0.61 | O21: =M21*N21 -> 8996.89 | P21: 0.226 | Q21: =M21*P21 -> 3333.274 | R21: 0.164 | S21: 0.2319 | T21: =M21*R21 -> 2418.836 | U21: 0.247 | V21: =M21*U21 -> 3643.003 | W21: 0.486 | X21: =M21*W21 -> 7168.014 | Y21: 0.4 | Z21: =Y21*M21 -> 5899.6 | AA21: 0.00249 | AB21: =M21*AA21 -> 36.72501 | AC21: 0.00244 | AD21: =M21*AC21 -> 35.98756 | AE21: =IF(M21>0,(AG21+AP21)/M21,0) -> 0.00034 | AF21: 0.00034 | AG21: =AF21*M21 -> 5.01466 | AH21: 0.1961 | AI21: =AL21*(1-AM21)*AH21 -> 30.61572 | AJ21: =IF(AND(AH21>0,AF21>0,AC21>0),((AC21-AF21)*AH21)/((AH21-AF21)*AC21),0) -> 0.86215054 | AK21: =IF(AND(AE21>0,AN21>0,AF21>0),((AN21*(AE21-AF21))/(AE21*(AN21-AF21))),0) -> 0 | AL21: 171 | AM21: 0.087 | AO21: 0.2157 | AP21: =AL21*(1-AM21)*AN21 -> 0 | AQ21: =AL21*(1-AM21)*AO21 -> 33.675731 | AR21: 1.7 | AT21: =AT20+AL21-AS21 -> 684.98
B22: 3 | C22: Димитър Цончев | D22: 19190 | E22: 1 | F22: 16905 | G22: 0.7 | H22: 3.9 | I22: 19947 | J22: 2.5 | K22: 15449 | L22: 0.072 | M22: =ROUND(K22*(1-L22),0) -> 14337 | N22: 0.381 | O22: =M22*N22 -> 5462.397 | P22: 0.382 | Q22: =M22*P22 -> 5476.734 | R22: 0.237 | S22: 0.235 | T22: =M22*R22 -> 3397.869 | U22: 0.242 | V22: =M22*U22 -> 3469.554 | W22: 0.495 | X22: =M22*W22 -> 7096.815 | Y22: 0.4 | Z22: =Y22*M22 -> 5734.8 | AA22: 0.00247 | AB22: =M22*AA22 -> 35.41239 | AC22: 0.00232 | AD22: =M22*AC22 -> 33.26184 | AE22: =IF(M22>0,(AG22+AP22)/M22,0) -> 0.00034 | AF22: 0.00034 | AG22: =AF22*M22 -> 4.87458 | AH22: 0.1971 | AI22: =AL22*(1-AM22)*AH22 -> 29.806645 | AJ22: =IF(AND(AH22>0,AF22>0,AC22>0),((AC22-AF22)*AH22)/((AH22-AF22)*AC22),0) -> 0.85492303 | AK22: =IF(AND(AE22>0,AN22>0,AF22>0),((AN22*(AE22-AF22))/(AE22*(AN22-AF22))),0) -> 0 | AL22: 166 | AM22: 0.089 | AO22: 0.2153 | AP22: =AL22*(1-AM22)*AN22 -> 0 | AQ22: =AL22*(1-AM22)*AO22 -> 32.558958 | AR22: 1.7 | AT22: =AT21+AL22-AS22 -> 850.98
B23: Общо | D23: =SUM(D20:D22) -> 46101 | F23: =SUM(F20:F22) -> 43909 | I23: =SUM(I20:I22) -> 51388 | K23: =SUM(K20:K22) -> 46777 | L23: =IF(K23>0,(K20*L20+K21*L21+K22*L22)/K23,0) -> 0.069667743 | M23: =M20+M21+M22 -> 43519 | N23: =IF(M23>0,O23/M23,0) -> 0.51565376 | O23: =O20+O21+O22 -> 22440.736 | P23: =IF(M23>0,Q23/M23,0) -> 0.28004619 | Q23: =Q20+Q21+Q22 -> 12187.33 | R23: =IF(M23>0,T23/M23,0) -> 0.20430005 | T23: =T20+T21+T22 -> 8890.934 | U23: =IF(M23>0,V23/M23,0) -> 0.24833762 | V23: =V20+V21+V22 -> 10807.405 | W23: =IF(M23>0,X23/M23,0) -> 0.48830168 | X23: =X20+X21+X22 -> 21250.401 | Y23: =IF(M23>0,Z23/M23,0) -> 0.4 | Z23: =Z20+Z21+Z22 -> 17407.6 | AA23: =IF(M23>0,AB23/M23,0) -> 0.0024635123 | AB23: =SUM(AB20:AB22) -> 107.20959 | AC23: =IF(M23>0,AD23/M23,0) -> 0.0023606691 | AD23: =SUM(AD20:AD22) -> 102.73396 | AE23: =IF(M23>0,(AE20*M20+AE21*M21+AE22*M22)/M23,0) -> 0.00034 | AF23: =IF(K23>0,(K20*AF20+K21*AF21+K22*AF22)/K23,0) -> 0.00034 | AG23: =SUM(AG20:AG22) -> 14.79646 | AH23: =IF(K23>0,(K20*AH20+K21*AH21+K22*AH22)/K23,0) -> 0.19673211 | AI23: =SUM(AI20:AI22) -> 85.063322 | AJ23: =IF(AND(AD23>0),((AD20*AJ20+AD21*AJ21+AD22*AJ22)/AD23),0) -> 0.85745506 | AK23: =IF(AND(AE23>0,AN23>0,AF23>0),((AN23*(AE23-AF23))/(AE23*(AN23-AF23))),0) -> 0 | AL23: =SUM(AL20:AL22) -> 474 | AM23: =IF(AL23>0,(AM20*AL20+AM21*AL21+AM22*AL22)/AL23,0) -> 0.087700422 | AN23: =IF(K23>0,(AN20*K20+AN21*K21+AN22*K22)/K23,0) -> 0 | AO23: =IF(K23>0,(AO20*K20+AO21*K21+AO22*K22)/K23,0) -> 0.2161045 | AP23: =SUM(AP20:AP22) -> 0 | AQ23: =SUM(AQ20:AQ22) -> 93.41479 | AS23: =SUM(AS20:AS22) -> 1001.84 | AU23: =AT22 -> 850.98 | AV23: =SUM(AV20:AV22) -> 0
A24: 6 | B24: 1 | C24: Иванка Копаранска | D24: 4705 | E24: 0 | F24: 8765 | G24: 1 | H24: 6 | I24: 10783 | J24: 4.6 | K24: 14752 | L24: 0.074 | M24: =ROUND(K24*(1-L24),0) -> 13660 | N24: 0.544 | O24: =M24*N24 -> 7431.04 | P24: 0.284 | Q24: =M24*P24 -> 3879.44 | R24: 0.172 | S24: 0.2287 | T24: =M24*R24 -> 2349.52 | U24: 0.247 | V24: =M24*U24 -> 3374.02 | W24: 0.488 | X24: =M24*W24 -> 6666.08 | Y24: 0.41 | Z24: =Y24*M24 -> 5600.6 | AA24: 0.00238 | AB24: =M24*AA24 -> 32.5108 | AC24: 0.00224 | AD24: =M24*AC24 -> 30.5984 | AE24: =IF(M24>0,(AG24+AP24)/M24,0) -> 0.00035 | AF24: 0.00035 | AG24: =AF24*M24 -> 4.781 | AH24: 0.1879 | AI24: =AL24*(1-AM24)*AH24 -> 24.820651 | AJ24: =IF(AND(AH24>0,AF24>0,AC24>0),((AC24-AF24)*AH24)/((AH24-AF24)*AC24),0) -> 0.84532458 | AK24: =IF(AND(AE24>0,AN24>0,AF24>0),((AN24*(AE24-AF24))/(AE24*(AN24-AF24))),0) -> 0 | AL24: 145 | AM24: 0.089 | AO24: 0.2132 | AP24: =AL24*(1-AM24)*AN24 -> 0 | AQ24: =AL24*(1-AM24)*AO24 -> 28.162654 | AR24: 1.75 | AS24: 500.78 | AT24: =AT22+AL24-AS24 -> 495.2
B25: 2 | C25: Юлияна Цветкова | D25: 19905 | E25: 2 | F25: 15585 | G25: 0.7 | H25: 4.7 | I25: 18839 | J25: 3.1 | K25: 14599 | L25: 0.077 | M25: =ROUND(K25*(1-L25),0) -> 13475 | N25: 0.439 | O25: =M25*N25 -> 5915.525 | P25: 0.276 | Q25: =M25*P25 -> 3719.1 | R25: 0.285 | S25: 0.2165 | T25: =M25*R25 -> 3840.375 | U25: 0.235 | V25: =M25*U25 -> 3166.625 | W25: 0.498 | X25: =M25*W25 -> 6710.55 | Y25: 0.41 | Z25: =Y25*M25 -> 5524.75 | AA25: 0.0024 | AB25: =M25*AA25 -> 32.34 | AC25: 0.00227 | AD25: =M25*AC25 -> 30.58825 | AE25: =IF(M25>0,(AG25+AP25)/M25,0) -> 0.0024899621 | AF25: 0.00034 | AG25: =AF25*M25 -> 4.5815 | AH25: 0.1989 | AI25: =AL25*(1-AM25)*AH25 -> 29.794623 | AJ25: =IF(AND(AH25>0,AF25>0,AC25>0),((AC25-AF25)*AH25)/((AH25-AF25)*AC25),0) -> 0.85167612 | AK25: =IF(AND(AE25>0,AN25>0,AF25>0),((AN25*(AE25-AF25))/(AE25*(AN25-AF25))),0) -> 0.86497237 | AL25: 163 | AM25: 0.081 | AN25: 0.1934 | AO25: 0.2009 | AP25: =AL25*(1-AM25)*AN25 -> 28.97074 | AQ25: =AL25*(1-AM25)*AO25 -> 30.094217 | AR25: 1.68 | AT25: =AT24+AL25-AS25 -> 658.2
B26: 3 | C26: Димитър Цончев | D26: 19318 | E26: 0 | F26: 17632 | G26: 1 | H26: 4.8 | I26: 20343 | J26: 1.4 | K26: 14349 | L26: 0.085 | M26: =ROUND(K26*(1-L26),0) -> 13129 | N26: 0.433 | O26: =M26*N26 -> 5684.857 | P26: 0.37 | Q26: =M26*P26 -> 4857.73 | R26: 0.197 | S26: 0.2269 | T26: =M26*R26 -> 2586.413 | U26: 0.223 | V26: =M26*U26 -> 2927.767 | W26: 0.522 | X26: =M26*W26 -> 6853.338 | Y26: 0.41 | Z26: =Y26*M26 -> 5382.89 | AA26: 0.00254 | AB26: =M26*AA26 -> 33.34766 | AC26: 0.00229 | AD26: =M26*AC26 -> 30.06541 | AE26: =IF(M26>0,(AG26+AP26)/M26,0) -> 0.0027025619 | AF26: 0.00034 | AG26: =AF26*M26 -> 4.46386 | AH26: 0.199 | AI26: =AL26*(1-AM26)*AH26 -> 29.562246 | AJ26: =IF(AND(AH26>0,AF26>0,AC26>0),((AC26-AF26)*AH26)/((AH26-AF26)*AC26),0) -> 0.85298575 | AK26: =IF(AND(AE26>0,AN26>0,AF26>0),((AN26*(AE26-AF26))/(AE26*(AN26-AF26))),0) -> 0.87561926 | AL26: 162 | AM26: 0.083 | AN26: 0.2088 | AO26: 0.2082 | AP26: =AL26*(1-AM26)*AN26 -> 31.018075 | AQ26: =AL26*(1-AM26)*AO26 -> 30.928943 | AR26: 1.65 | AT26: =AT25+AL26-AS26 -> 820.2
B27: Общо | D27: =SUM(D24:D26) -> 43928 | F27: =SUM(F24:F26) -> 41982 | I27: =SUM(I24:I26) -> 49965 | K27: =SUM(K24:K26) -> 43700 | L27: =IF(K27>0,(K24*L24+K25*L25+K26*L26)/K27,0) -> 0.078614096 | M27: =M24+M25+M26 -> 40264 | N27: =IF(M27>0,O27/M27,0) -> 0.47266595 | O27: =O24+O25+O26 -> 19031.422 | P27: =IF(M27>0,Q27/M27,0) -> 0.30936494 | Q27: =Q24+Q25+Q26 -> 12456.27 | R27: =IF(M27>0,T27/M27,0) -> 0.2179691 | T27: =T24+T25+T26 -> 8776.308 | U27: =IF(M27>0,V27/M27,0) -> 0.23515826 | V27: =V24+V25+V26 -> 9468.412 | W27: =IF(M27>0,X27/M27,0) -> 0.50243314 | X27: =X24+X25+X26 -> 20229.968 | Y27: =IF(M27>0,Z27/M27,0) -> 0.41 | Z27: =Z24+Z25+Z26 -> 16508.24 | AA27: =IF(M27>0,AB27/M27,0) -> 0.002438865 | AB27: =SUM(AB24:AB26) -> 98.19846 | AC27: =IF(M27>0,AD27/M27,0) -> 0.0022663436 | AD27: =SUM(AD24:AD26) -> 91.25206 | AE27: =IF(M27>0,(AE24*M24+AE25*M25+AE26*M26)/M27,0) -> 0.0018332797 | AF27: =IF(K27>0,(K24*AF24+K25*AF25+K26*AF26)/K27,0) -> 0.00034337574 | AG27: =SUM(AG24:AG26) -> 13.82636 | AH27: =IF(K27>0,(K24*AH24+K25*AH25+K26*AH26)/K27,0) -> 0.19521952 | AI27: =SUM(AI24:AI26) -> 84.17752 | AJ27: =IF(AND(AD27>0),((AD24*AJ24+AD25*AJ25+AD26*AJ26)/AD27),0) -> 0.84997783 | AK27: =IF(AND(AE27>0,AN27>0,AF27>0),((AN27*(AE27-AF27))/(AE27*(AN27-AF27))),0) -> 0.81479961 | AL27: =SUM(AL24:AL26) -> 470 | AM27: =IF(AL27>0,(AM24*AL24+AM25*AL25+AM26*AL26)/AL27,0) -> 0.084157447 | AN27: =IF(K27>0,(AN24*K24+AN25*K25+AN26*K26)/K27,0) -> 0.13316974 | AO27: =IF(K27>0,(AO24*K24+AO25*K25+AO26*K26)/K27,0) -> 0.20744914 | AP27: =SUM(AP24:AP26) -> 59.988815 | AQ27: =SUM(AQ24:AQ26) -> 89.185814 | AS27: =SUM(AS24:AS26) -> 500.78 | AU27: =AT26 -> 820.2 | AV27: =SUM(AV24:AV26) -> 0
A28: 7 | B28: 1 | C28: Иванка Копаранска | D28: 5307 | E28: 0 | F28: 6526 | G28: 1.1 | H28: 5.8 | I28: 8525 | J28: 4.1 | K28: 15112 | L28: 0.083 | M28: =ROUND(K28*(1-L28),0) -> 13858 | N28: 0.471 | O28: =M28*N28 -> 6527.118 | P28: 0.368 | Q28: =M28*P28 -> 5099.744 | R28: 0.161 | S28: 0.2248 | T28: =M28*R28 -> 2231.138 | U28: 0.23 | V28: =M28*U28 -> 3187.34 | W28: 0.499 | X28: =M28*W28 -> 6915.142 | Y28: 0.41 | Z28: =Y28*M28 -> 5681.78 | AA28: 0.00227 | AB28: =M28*AA28 -> 31.45766 | AC28: 0.00231 | AD28: =M28*AC28 -> 32.01198 | AE28: =IF(M28>0,(AG28+AP28)/M28,0) -> 0.0024324189 | AF28: 0.00034 | AG28: =AF28*M28 -> 4.71172 | AH28: 0.2041 | AI28: =AL28*(1-AM28)*AH28 -> 28.168657 | AJ28: =IF(AND(AH28>0,AF28>0,AC28>0),((AC28-AF28)*AH28)/((AH28-AF28)*AC28),0) -> 0.85423688 | AK28: =IF(AND(AE28>0,AN28>0,AF28>0),((AN28*(AE28-AF28))/(AE28*(AN28-AF28))),0) -> 0.86161578 | AL28: 151 | AM28: 0.086 | AN28: 0.2101 | AO28: 0.2096 | AP28: =AL28*(1-AM28)*AN28 -> 28.996741 | AQ28: =AL28*(1-AM28)*AO28 -> 28.927734 | AR28: 1.6 | AS28: 503.28 | AT28: =AT26+AL28-AS28+AU28 -> 411.9 | AU28: -56.02
B29: 2 | C29: Юлияна Цветкова | D29: 20085 | E29: 2 | F29: 16743 | G29: 0.7 | H29: 4.3 | I29: 18340 | J29: 2.7 | K29: 16610 | L29: 0.073 | M29: =ROUND(K29*(1-L29),0) -> 15397 | N29: 0.609 | O29: =M29*N29 -> 9376.773 | P29: 0.26 | Q29: =M29*P29 -> 4003.22 | R29: 0.131 | S29: 0.227 | T29: =M29*R29 -> 2017.007 | U29: 0.231 | V29: =M29*U29 -> 3556.707 | W29: 0.506 | X29: =M29*W29 -> 7790.882 | Y29: 0.41 | Z29: =Y29*M29 -> 6312.77 | AA29: 0.00266 | AB29: =M29*AA29 -> 40.95602 | AC29: 0.00251 | AD29: =M29*AC29 -> 38.64647 | AE29: =IF(M29>0,(AG29+AP29)/M29,0) -> 0.0026633149 | AF29: 0.00034 | AG29: =AF29*M29 -> 5.23498 | AH29: 0.2082 | AI29: =AL29*(1-AM29)*AH29 -> 32.102358 | AJ29: =IF(AND(AH29>0,AF29>0,AC29>0),((AC29-AF29)*AH29)/((AH29-AF29)*AC29),0) -> 0.86595598 | AK29: =IF(AND(AE29>0,AN29>0,AF29>0),((AN29*(AE29-AF29))/(AE29*(AN29-AF29))),0) -> 0.87361985 | AL29: 170 | AM29: 0.093 | AN29: 0.232 | AO29: 0.228 | AP29: =AL29*(1-AM29)*AN29 -> 35.77208 | AQ29: =AL29*(1-AM29)*AO29 -> 35.15532 | AR29: 1.65 | AT29: =AT28+AL29-AS29 -> 581.9
B30: 3 | C30: Георги Томов | D30: 15400 | E30: 3 | F30: 15488 | G30: 1.3 | H30: 4.3 | I30: 18425 | J30: 1.4 | K30: 13633 | L30: 0.074 | M30: =ROUND(K30*(1-L30),0) -> 12624 | N30: 0.518 | O30: =M30*N30 -> 6539.232 | P30: 0.39 | Q30: =M30*P30 -> 4923.36 | R30: 0.092 | S30: 0.216 | T30: =M30*R30 -> 1161.408 | U30: 0.21 | V30: =M30*U30 -> 2651.04 | W30: 0.519 | X30: =M30*W30 -> 6551.856 | Y30: 0.4 | Z30: =Y30*M30 -> 5049.6 | AA30: 0.00262 | AB30: =M30*AA30 -> 33.07488 | AC30: 0.0025 | AD30: =M30*AC30 -> 31.56 | AE30: =IF(M30>0,(AG30+AP30)/M30,0) -> 0.0030808515 | AF30: 0.00034 | AG30: =AF30*M30 -> 4.29216 | AH30: 0.203 | AI30: =AL30*(1-AM30)*AH30 -> 30.698878 | AJ30: =IF(AND(AH30>0,AF30>0,AC30>0),((AC30-AF30)*AH30)/((AH30-AF30)*AC30),0) -> 0.86544952 | AK30: =IF(AND(AE30>0,AN30>0,AF30>0),((AN30*(AE30-AF30))/(AE30*(AN30-AF30))),0) -> 0.89096488 | AL30: 166 | AM30: 0.089 | AN30: 0.2288 | AO30: 0.2243 | AP30: =AL30*(1-AM30)*AN30 -> 34.600509 | AQ30: =AL30*(1-AM30)*AO30 -> 33.919992 | AR30: 1.6 | AT30: =AT29+AL30-AS30 -> 747.9
B31: Общо | D31: =SUM(D28:D30) -> 40792 | F31: =SUM(F28:F30) -> 38757 | I31: =SUM(I28:I30) -> 45290 | K31: =SUM(K28:K30) -> 45355 | L31: =IF(K31>0,(K28*L28+K29*L29+K30*L30)/K31,0) -> 0.076632521 | M31: =M28+M29+M30 -> 41879 | N31: =IF(M31>0,O31/M31,0) -> 0.53590399 | O31: =O28+O29+O30 -> 22443.123 | P31: =IF(M31>0,Q31/M31,0) -> 0.334925 | Q31: =Q28+Q29+Q30 -> 14026.324 | R31: =IF(M31>0,T31/M31,0) -> 0.12917102 | T31: =T28+T29+T30 -> 5409.553 | U31: =IF(M31>0,V31/M31,0) -> 0.22433886 | V31: =V28+V29+V30 -> 9395.087 | W31: =IF(M31>0,X31/M31,0) -> 0.50760238 | X31: =X28+X29+X30 -> 21257.88 | Y31: =IF(M31>0,Z31/M31,0) -> 0.4069856 | Z31: =Z28+Z29+Z30 -> 17044.15 | AA31: =IF(M31>0,AB31/M31,0) -> 0.0025188892 | AB31: =SUM(AB28:AB30) -> 105.48856 | AC31: =IF(M31>0,AD31/M31,0) -> 0.0024408045 | AD31: =SUM(AD28:AD30) -> 102.21845 | AE31: =IF(M31>0,(AE28*M28+AE29*M29+AE30*M30)/M31,0) -> 0.0027127723 | AF31: =IF(K31>0,(K28*AF28+K29*AF29+K30*AF30)/K31,0) -> 0.00034 | AG31: =SUM(AG28:AG30) -> 14.23886 | AH31: =IF(K31>0,(K28*AH28+K29*AH29+K30*AH30)/K31,0) -> 0.20527087 | AI31: =SUM(AI28:AI30) -> 90.969893 | AJ31: =IF(AND(AD31>0),((AD28*AJ28+AD29*AJ29+AD30*AJ30)/AD31),0) -> 0.86212951 | AK31: =IF(AND(AE31>0,AN31>0,AF31>0),((AN31*(AE31-AF31))/(AE31*(AN31-AF31))),0) -> 0.87599814 | AL31: =SUM(AL28:AL30) -> 487 | AM31: =IF(AL31>0,(AM28*AL28+AM29*AL29+AM30*AL30)/AL31,0) -> 0.089466119 | AN31: =IF(K31>0,(AN28*K28+AN29*K29+AN30*K30)/K31,0) -> 0.22374119 | AO31: =IF(L31>0,(AO28*K28+AO29*K29+AO30*K30)/K31,0) -> 0.22075707 | AP31: =SUM(AP28:AP30) -> 99.36933 | AQ31: =SUM(AQ28:AQ30) -> 98.003046 | AS31: =SUM(AS28:AS30) -> 503.28 | AU31: =AT30 -> 747.9 | AV31: =SUM(AV28:AV30) -> 0
A32: 8 | B32: 1 | C32: Иванка Копаранска | D32: 11566 | E32: 0 | F32: 11518 | G32: 1.7 | H32: 5.1 | I32: 13006 | J32: 3 | K32: 15763 | L32: 0.078 | M32: =ROUND(K32*(1-L32),0) -> 14533 | N32: 0.543 | O32: =M32*N32 -> 7891.419 | P32: 0.356 | Q32: =M32*P32 -> 5173.748 | R32: 0.101 | S32: 0.2112 | T32: =M32*R32 -> 1467.833 | U32: 0.185 | V32: =M32*U32 -> 2688.605 | W32: 0.541 | X32: =M32*W32 -> 7862.353 | Y32: 0.4 | Z32: =Y32*M32 -> 5813.2 | AA32: 0.00251 | AB32: =M32*AA32 -> 36.47783 | AC32: 0.00253 | AD32: =M32*AC32 -> 36.76849 | AE32: =IF(M32>0,(AG32+AP32)/M32,0) -> 0.0019463347 | AF32: 0.00035 | AG32: =AF32*M32 -> 5.08655 | AH32: 0.2008 | AI32: =AL32*(1-AM32)*AH32 -> 20.149075 | AJ32: =IF(AND(AH32>0,AF32>0,AC32>0),((AC32-AF32)*AH32)/((AH32-AF32)*AC32),0) -> 0.8631646 | AK32: =IF(AND(AE32>0,AN32>0,AF32>0),((AN32*(AE32-AF32))/(AE32*(AN32-AF32))),0) -> 0.82141831 | AL32: 111 | AM32: 0.096 | AN32: 0.2312 | AO32: 0.2224 | AP32: =AL32*(1-AM32)*AN32 -> 23.199533 | AQ32: =AL32*(1-AM32)*AO32 -> 22.316506 | AR32: 1.6 | AT32: =AT30+AL32-AS32 -> 858.9
B33: 2 | C33: Димитър Цончев | D33: 20100 | E33: 5 | F33: 16162 | G33: 0.7 | H33: 4.2 | I33: 18162 | J33: 2.6 | K33: 16958 | L33: 0.088 | M33: =ROUND(K33*(1-L33),0) -> 15466 | N33: 0.573 | O33: =M33*N33 -> 8862.018 | P33: 0.293 | Q33: =M33*P33 -> 4531.538 | R33: 0.134 | S33: 0.2394 | T33: =M33*R33 -> 2072.444 | U33: 0.217 | V33: =M33*U33 -> 3356.122 | W33: 0.511 | X33: =M33*W33 -> 7903.126 | Y33: 0.41 | Z33: =Y33*M33 -> 6341.06 | AA33: 0.00273 | AB33: =M33*AA33 -> 42.22218 | AC33: 0.00264 | AD33: =M33*AC33 -> 40.83024 | AE33: =IF(M33>0,(AG33+AP33)/M33,0) -> 0.0026310522 | AF33: 0.0004 | AG33: =AF33*M33 -> 6.1864 | AH33: 0.206 | AI33: =AL33*(1-AM33)*AH33 -> 34.042736 | AJ33: =IF(AND(AH33>0,AF33>0,AC33>0),((AC33-AF33)*AH33)/((AH33-AF33)*AC33),0) -> 0.8501356 | AK33: =IF(AND(AE33>0,AN33>0,AF33>0),((AN33*(AE33-AF33))/(AE33*(AN33-AF33))),0) -> 0.84959715 | AL33: 182 | AM33: 0.092 | AN33: 0.2088 | AO33: 0.2152 | AP33: =AL33*(1-AM33)*AN33 -> 34.505453 | AQ33: =AL33*(1-AM33)*AO33 -> 35.563091 | AR33: 1.65 | AT33: =AT32+AL33-AS33 -> 1040.9
B34: 3 | C34: Георги Томов | D34: 16574 | E34: 3 | F34: 15891 | G34: 0.8 | H34: 2.8 | I34: 17838 | J34: 2.1 | K34: 16980 | L34: 0.081 | M34: =ROUND(K34*(1-L34),0) -> 15605 | N34: 0.648 | O34: =M34*N34 -> 10112.04 | P34: 0.258 | Q34: =M34*P34 -> 4026.09 | R34: 0.094 | S34: 0.2453 | T34: =M34*R34 -> 1466.87 | U34: 0.216 | V34: =M34*U34 -> 3370.68 | W34: 0.504 | X34: =M34*W34 -> 7864.92 | Y34: 0.41 | Z34: =Y34*M34 -> 6398.05 | AA34: 0.0028 | AB34: =M34*AA34 -> 43.694 | AC34: 0.00275 | AD34: =M34*AC34 -> 42.91375 | AE34: =IF(M34>0,(AG34+AP34)/M34,0) -> 0.0025538744 | AF34: 0.00039 | AG34: =AF34*M34 -> 6.08595 | AH34: 0.2067 | AI34: =AL34*(1-AM34)*AH34 -> 30.626119 | AJ34: =IF(AND(AH34>0,AF34>0,AC34>0),((AC34-AF34)*AH34)/((AH34-AF34)*AC34),0) -> 0.85980409 | AK34: =IF(AND(AE34>0,AN34>0,AF34>0),((AN34*(AE34-AF34))/(AE34*(AN34-AF34))),0) -> 0.84874328 | AL34: 163 | AM34: 0.091 | AN34: 0.2279 | AO34: 0.2275 | AP34: =AL34*(1-AM34)*AN34 -> 33.767259 | AQ34: =AL34*(1-AM34)*AO34 -> 33.707993 | AR34: 1.55 | AT34: =AT33+AL34-AS34 -> 1203.9
B35: Общо | D35: =SUM(D32:D34) -> 48240 | F35: =SUM(F32:F34) -> 43571 | I35: =SUM(I32:I34) -> 49006 | K35: =SUM(K32:K34) -> 49701 | L35: =IF(K35>0,(K32*L32+K33*L33+K34*L34)/K35,0) -> 0.082436933 | M35: =M32+M33+M34 -> 45604 | N35: =IF(M35>0,O35/M35,0) -> 0.58910352 | O35: =O32+O33+O34 -> 26865.477 | P35: =IF(M35>0,Q35/M35,0) -> 0.30110025 | Q35: =Q32+Q33+Q34 -> 13731.376 | R35: =IF(M35>0,T35/M35,0) -> 0.10979622 | T35: =T32+T33+T34 -> 5007.147 | U35: =IF(M35>0,V35/M35,0) -> 0.20646011 | V35: =V32+V33+V34 -> 9415.407 | W35: =IF(M35>0,X35/M35,0) -> 0.51816505 | X35: =X32+X33+X34 -> 23630.399 | Y35: =IF(M35>0,Z35/M35,0) -> 0.40681322 | Z35: =Z32+Z33+Z34 -> 18552.31 | AA35: =IF(M35>0,AB35/M35,0) -> 0.0026838437 | AB35: =SUM(AB32:AB34) -> 122.39401 | AC35: =IF(M35>0,AD35/M35,0) -> 0.0026425857 | AD35: =SUM(AD32:AD34) -> 120.51248 | AE35: =IF(M35>0,(AE32*M32+AE33*M33+AE34*M34)/M35,0) -> 0.0023864386 | AF35: =IF(K35>0,(K32*AF32+K33*AF33+K34*AF34)/K35,0) -> 0.00038072574 | AG35: =SUM(AG32:AG34) -> 17.3589 | AH35: =IF(K35>0,(K32*AH32+K33*AH33+K34*AH34)/K35,0) -> 0.20458994 | AI35: =SUM(AI32:AI34) -> 84.81793 | AJ35: =IF(AND(AD35>0),((AD32*AJ32+AD33*AJ33+AD34*AJ34)/AD35),0) -> 0.85755365 | AK35: =IF(AND(AE35>0,AN35>0,AF35>0),((AN35*(AE35-AF35))/(AE35*(AN35-AF35))),0) -> 0.84190386 | AL35: =SUM(AL32:AL34) -> 456 | AM35: =IF(AL35>0,(AM32*AL32+AM33*AL33+AM34*AL34)/AL35,0) -> 0.092616228 | AN35: =IF(K35>0,(AN32*K32+AN33*K33+AN34*K34)/K35,0) -> 0.22242969 | AO35: =IF(L35>0,(AO32*K32+AO33*K33+AO34*K34)/K35,0) -> 0.22168574 | AP35: =SUM(AP32:AP34) -> 91.472245 | AQ35: =SUM(AQ32:AQ34) -> 91.587589 | AS35: =SUM(AS32:AS34) -> 0 | AU35: =AT34 -> 1203.9 | AV35: =SUM(AV32:AV34) -> 0
A36: 9 | B36: 1 | C36: Цвета Владова | D36: 14572 | E36: 0 | F36: 13658 | G36: 1 | H36: 4.7 | I36: 15536 | J36: 2.5 | K36: 16981 | L36: 0.088 | M36: =ROUND(K36*(1-L36),0) -> 15487 | N36: 0.692 | O36: =M36*N36 -> 10717.004 | P36: 0.225 | Q36: =M36*P36 -> 3484.575 | R36: 0.083 | S36: 0.2444 | T36: =M36*R36 -> 1285.421 | U36: 0.227 | V36: =M36*U36 -> 3515.549 | W36: 0.507 | X36: =M36*W36 -> 7851.909 | Y36: 0.4 | Z36: =Y36*M36 -> 6194.8 | AA36: 0.00299 | AB36: =M36*AA36 -> 46.30613 | AC36: 0.00281 | AD36: =M36*AC36 -> 43.51847 | AE36: =IF(M36>0,(AG36+AP36)/M36,0) -> 0.0030004872 | AF36: 0.00038 | AG36: =AF36*M36 -> 5.88506 | AH36: 0.202 | AI36: =AL36*(1-AM36)*AH36 -> 36.305864 | AJ36: =IF(AND(AH36>0,AF36>0,AC36>0),((AC36-AF36)*AH36)/((AH36-AF36)*AC36),0) -> 0.86639854 | AK36: =IF(AND(AE36>0,AN36>0,AF36>0),((AN36*(AE36-AF36))/(AE36*(AN36-AF36))),0) -> 0.87482615 | AL36: 196 | AM36: 0.083 | AN36: 0.2258 | AO36: 0.2204 | AP36: =AL36*(1-AM36)*AN36 -> 40.583486 | AQ36: =AL36*(1-AM36)*AO36 -> 39.612933 | AR36: 1.6 | AT36: =AT34+AL36-AS36 -> 1399.9
B37: 2 | C37: Димитър Цончев | D37: 19000 | E37: 5 | F37: 15397 | G37: 0.5 | H37: 3.3 | I37: 17935 | J37: 2.3 | K37: 16984 | L37: 0.09 | M37: =ROUND(K37*(1-L37),0) -> 15455 | N37: 0.53 | O37: =M37*N37 -> 8191.15 | P37: 0.342 | Q37: =M37*P37 -> 5285.61 | R37: 0.128 | S37: 0.2418 | T37: =M37*R37 -> 1978.24 | U37: 0.238 | V37: =M37*U37 -> 3678.29 | W37: 0.488 | X37: =M37*W37 -> 7542.04 | Y37: 0.4 | Z37: =Y37*M37 -> 6182 | AA37: 0.00288 | AB37: =M37*AA37 -> 44.5104 | AC37: 0.00283 | AD37: =M37*AC37 -> 43.73765 | AE37: =IF(M37>0,(AG37+AP37)/M37,0) -> 0.0034070733 | AF37: 0.00038 | AG37: =AF37*M37 -> 5.8729 | AH37: 0.2075 | AI37: =AL37*(1-AM37)*AH37 -> 44.28631 | AJ37: =IF(AND(AH37>0,AF37>0,AC37>0),((AC37-AF37)*AH37)/((AH37-AF37)*AC37),0) -> 0.86731271 | AK37: =IF(AND(AE37>0,AN37>0,AF37>0),((AN37*(AE37-AF37))/(AE37*(AN37-AF37))),0) -> 0.89001023 | AL37: 233 | AM37: 0.084 | AN37: 0.2192 | AO37: 0.2161 | AP37: =AL37*(1-AM37)*AN37 -> 46.783418 | AQ37: =AL37*(1-AM37)*AO37 -> 46.121791 | AR37: 1.65 | AT37: =AT36+AL37-AS37 -> 1632.9
B38: 3 | C38: Георги Томов | D38: 16288 | E38: 1 | F38: 15025 | G38: 0.9 | H38: 3.9 | I38: 17280 | J38: 2.4 | K38: 16990 | L38: 0.082 | M38: =ROUND(K38*(1-L38),0) -> 15597 | N38: 0.495 | O38: =M38*N38 -> 7720.515 | P38: 0.419 | Q38: =M38*P38 -> 6535.143 | R38: 0.086 | S38: 0.2426 | T38: =M38*R38 -> 1341.342 | U38: 0.23 | V38: =M38*U38 -> 3587.31 | W38: 0.487 | X38: =M38*W38 -> 7595.739 | Y38: 0.4 | Z38: =Y38*M38 -> 6238.8 | AA38: 0.0029 | AB38: =M38*AA38 -> 45.2313 | AC38: 0.00286 | AD38: =M38*AC38 -> 44.60742 | AE38: =IF(M38>0,(AG38+AP38)/M38,0) -> 0.0027242974 | AF38: 0.00038 | AG38: =AF38*M38 -> 5.92686 | AH38: 0.2089 | AI38: =AL38*(1-AM38)*AH38 -> 32.614095 | AJ38: =IF(AND(AH38>0,AF38>0,AC38>0),((AC38-AF38)*AH38)/((AH38-AF38)*AC38),0) -> 0.8687131 | AK38: =IF(AND(AE38>0,AN38>0,AF38>0),((AN38*(AE38-AF38))/(AE38*(AN38-AF38))),0) -> 0.86191299 | AL38: 171 | AM38: 0.087 | AN38: 0.2342 | AO38: 0.2307 | AP38: =AL38*(1-AM38)*AN38 -> 36.564007 | AQ38: =AL38*(1-AM38)*AO38 -> 36.017576 | AR38: 1.55 | AT38: =AT37+AL38-AS38 -> 1803.9
B39: Общо | D39: =SUM(D36:D38) -> 49860 | F39: =SUM(F36:F38) -> 44080 | I39: =SUM(I36:I38) -> 50751 | K39: =SUM(K36:K38) -> 50955 | L39: =IF(K39>0,(K36*L36+K37*L37+K38*L38)/K39,0) -> 0.086666039 | M39: =M36+M37+M38 -> 46539 | N39: =IF(M39>0,O39/M39,0) -> 0.57217966 | O39: =O36+O37+O38 -> 26628.669 | P39: =IF(M39>0,Q39/M39,0) -> 0.32887101 | Q39: =Q36+Q37+Q38 -> 15305.328 | R39: =IF(M39>0,T39/M39,0) -> 0.098949333 | T39: =T36+T37+T38 -> 4605.003 | U39: =IF(M39>0,V39/M39,0) -> 0.23165837 | V39: =V36+V37+V38 -> 10781.149 | W39: =IF(M39>0,X39/M39,0) -> 0.49398758 | X39: =X36+X37+X38 -> 22989.688 | Y39: =IF(M39>0,Z39/M39,0) -> 0.4 | Z39: =Z36+Z37+Z38 -> 18615.6 | AA39: =IF(M39>0,AB39/M39,0) -> 0.002923308 | AB39: =SUM(AB36:AB38) -> 136.04783 | AC39: =IF(M39>0,AD39/M39,0) -> 0.0028333987 | AD39: =SUM(AD36:AD38) -> 131.86354 | AE39: =IF(M39>0,(AE36*M36+AE37*M37+AE38*M38)/M39,0) -> 0.0030429474 | AF39: =IF(K39>0,(K36*AF36+K37*AF37+K38*AF38)/K39,0) -> 0.00038 | AG39: =SUM(AG36:AG38) -> 17.68482 | AH39: =IF(K39>0,(K36*AH36+K37*AH37+K38*AH38)/K39,0) -> 0.2061339 | AI39: =SUM(AI36:AI38) -> 113.20627 | AJ39: =IF(AND(AD39>0),((AD36*AJ36+AD37*AJ37+AD38*AJ38)/AD39),0) -> 0.86748474 | AK39: =IF(AND(AE39>0,AN39>0,AF39>0),((AN39*(AE39-AF39))/(AE39*(AN39-AF39))),0) -> 0.87659238 | AL39: =SUM(AL36:AL38) -> 600 | AM39: =IF(AL39>0,(AM36*AL36+AM37*AL37+AM38*AL38)/AL39,0) -> 0.084528333 | AN39: =IF(K39>0,(AN36*K36+AN37*K37+AN38*K38)/K39,0) -> 0.22640095 | AO39: =IF(L39>0,(AO36*K36+AO37*K37+AO38*K38)/K39,0) -> 0.2224011 | AP39: =SUM(AP36:AP38) -> 123.93091 | AQ39: =SUM(AQ36:AQ38) -> 121.7523 | AS39: =SUM(AS36:AS38) -> 0 | AU39: =AT38 -> 1803.9 | AV39: =SUM(AV36:AV38) -> 0
A40: 10 | B40: 1 | C40: Цвета Владова | D40: 4839 | E40: 1 | F40: 9540 | G40: 0.8 | H40: 4.8 | I40: 11209 | J40: 3.9 | K40: 16506 | L40: 0.078 | M40: =ROUND(K40*(1-L40),0) -> 15219 | N40: 0.647 | O40: =M40*N40 -> 9846.693 | P40: 0.281 | Q40: =M40*P40 -> 4276.539 | R40: 0.072 | S40: 0.2451 | T40: =M40*R40 -> 1095.768 | U40: 0.234 | V40: =M40*U40 -> 3561.246 | W40: 0.486 | X40: =M40*W40 -> 7396.434 | Y40: 0.4 | Z40: =Y40*M40 -> 6087.6 | AA40: 0.00274 | AB40: =M40*AA40 -> 41.70006 | AC40: 0.00277 | AD40: =M40*AC40 -> 42.15663 | AE40: =IF(M40>0,(AG40+AP40)/M40,0) -> 0.0032821024 | AF40: 0.00037 | AG40: =AF40*M40 -> 5.63103 | AH40: 0.1982 | AI40: =AL40*(1-AM40)*AH40 -> 37.944201 | AJ40: =IF(AND(AH40>0,AF40>0,AC40>0),((AC40-AF40)*AH40)/((AH40-AF40)*AC40),0) -> 0.86804646 | AK40: =IF(AND(AE40>0,AN40>0,AF40>0),((AN40*(AE40-AF40))/(AE40*(AN40-AF40))),0) -> 0.88868774 | AL40: 209 | AM40: 0.084 | AN40: 0.2315 | AO40: 0.227 | AP40: =AL40*(1-AM40)*AN40 -> 44.319286 | AQ40: =AL40*(1-AM40)*AO40 -> 43.457788 | AR40: 1.6 | AT40: =AT38+AL40-AS40 -> 2012.9
B41: 2 | C41: Димитър Цончев | D41: 18400 | E41: 5 | F41: 13850 | G41: 0.6 | H41: 4.5 | I41: 16209 | J41: 4.3 | K41: 16710 | L41: 0.091 | M41: =ROUND(K41*(1-L41),0) -> 15189 | N41: 0.522 | O41: =M41*N41 -> 7928.658 | P41: 0.358 | Q41: =M41*P41 -> 5437.662 | R41: 0.12 | S41: 0.2401 | T41: =M41*R41 -> 1822.68 | U41: 0.215 | V41: =M41*U41 -> 3265.635 | W41: 0.499 | X41: =M41*W41 -> 7579.311 | Y41: 0.4 | Z41: =Y41*M41 -> 6075.6 | AA41: 0.00293 | AB41: =M41*AA41 -> 44.50377 | AC41: 0.00282 | AD41: =M41*AC41 -> 42.83298 | AE41: =IF(M41>0,(AG41+AP41)/M41,0) -> 0.0039808686 | AF41: 0.00036 | AG41: =AF41*M41 -> 5.46804 | AH41: 0.2133 | AI41: =AL41*(1-AM41)*AH41 -> 54.511801 | AJ41: =IF(AND(AH41>0,AF41>0,AC41>0),((AC41-AF41)*AH41)/((AH41-AF41)*AC41),0) -> 0.87381522 | AK41: =IF(AND(AE41>0,AN41>0,AF41>0),((AN41*(AE41-AF41))/(AE41*(AN41-AF41))),0) -> 0.91109161 | AL41: 279 | AM41: 0.084 | AN41: 0.2152 | AO41: 0.2155 | AP41: =AL41*(1-AM41)*AN41 -> 54.997373 | AQ41: =AL41*(1-AM41)*AO41 -> 55.074042 | AR41: 1.7 | AT41: =AT40+AL41-AS41 -> 2291.9
B42: 3 | C42: Иванка Копаранска | D42: 17101 | E42: 1 | F42: 14436 | G42: 1 | H42: 4 | I42: 16653 | J42: 3.7 | K42: 16552 | L42: 0.083 | M42: =ROUND(K42*(1-L42),0) -> 15178 | N42: 0.718 | O42: =M42*N42 -> 10897.804 | P42: 0.175 | Q42: =M42*P42 -> 2656.15 | R42: 0.107 | S42: 0.2396 | T42: =M42*R42 -> 1624.046 | U42: 0.219 | V42: =M42*U42 -> 3323.982 | W42: 0.504 | X42: =M42*W42 -> 7649.712 | Y42: 0.41 | Z42: =Y42*M42 -> 6222.98 | AA42: 0.00298 | AB42: =M42*AA42 -> 45.23044 | AC42: 0.00281 | AD42: =M42*AC42 -> 42.65018 | AE42: =IF(M42>0,(AG42+AP42)/M42,0) -> 0.0032506639 | AF42: 0.00036 | AG42: =AF42*M42 -> 5.46408 | AH42: 0.2146 | AI42: =AL42*(1-AM42)*AH42 -> 37.185888 | AJ42: =IF(AND(AH42>0,AF42>0,AC42>0),((AC42-AF42)*AH42)/((AH42-AF42)*AC42),0) -> 0.8733512 | AK42: =IF(AND(AE42>0,AN42>0,AF42>0),((AN42*(AE42-AF42))/(AE42*(AN42-AF42))),0) -> 0.89051953 | AL42: 190 | AM42: 0.088 | AN42: 0.2532 | AO42: 0.244 | AP42: =AL42*(1-AM42)*AN42 -> 43.874496 | AQ42: =AL42*(1-AM42)*AO42 -> 42.28032 | AR42: 1.6 | AT42: =AT41+AL42-AS42 -> 2481.9
B43: Общо | D43: =SUM(D40:D42) -> 40340 | F43: =SUM(F40:F42) -> 37826 | I43: =SUM(I40:I42) -> 44071 | K43: =SUM(K40:K42) -> 49768 | L43: =IF(K43>0,(K40*L40+K41*L41+K42*L42)/K43,0) -> 0.084027769 | M43: =M40+M41+M42 -> 45586 | N43: =IF(M43>0,O43/M43,0) -> 0.62899037 | O43: =O40+O41+O42 -> 28673.155 | P43: =IF(M43>0,Q43/M43,0) -> 0.27136294 | Q43: =Q40+Q41+Q42 -> 12370.351 | R43: =IF(M43>0,T43/M43,0) -> 0.09964669 | T43: =T40+T41+T42 -> 4542.494 | U43: =IF(M43>0,V43/M43,0) -> 0.22267501 | V43: =V40+V41+V42 -> 10150.863 | W43: =IF(M43>0,X43/M43,0) -> 0.49632468 | X43: =X40+X41+X42 -> 22625.457 | Y43: =IF(M43>0,Z43/M43,0) -> 0.40332953 | Z43: =Z40+Z41+Z42 -> 18386.18 | AA43: =IF(M43>0,AB43/M43,0) -> 0.0028832157 | AB43: =SUM(AB40:AB42) -> 131.43427 | AC43: =IF(M43>0,AD43/M43,0) -> 0.0027999778 | AD43: =SUM(AD40:AD42) -> 127.63979 | AE43: =IF(M43>0,(AE40*M40+AE41*M41+AE42*M42)/M43,0) -> 0.0035044598 | AF43: =IF(K43>0,(K40*AF40+K41*AF41+K42*AF42)/K43,0) -> 0.00036331659 | AG43: =SUM(AG40:AG42) -> 16.56315 | AH43: =IF(K43>0,(K40*AH40+K41*AH41+K42*AH42)/K43,0) -> 0.20872431 | AI43: =SUM(AI40:AI42) -> 129.64189 | AJ43: =IF(AND(AD43>0),((AD40*AJ40+AD41*AJ41+AD42*AJ42)/AD43),0) -> 0.87175488 | AK43: =IF(AND(AE43>0,AN43>0,AF43>0),((AN43*(AE43-AF43))/(AE43*(AN43-AF43))),0) -> 0.89772572 | AL43: =SUM(AL40:AL42) -> 678 | AM43: =IF(AL43>0,(AM40*AL40+AM41*AL41+AM42*AL42)/AL43,0) -> 0.085120944 | AN43: =IF(K43>0,(AN40*K40+AN41*K41+AN42*K42)/K43,0) -> 0.2332442 | AO43: =IF(L43>0,(AO40*K40+AO41*K41+AO42*K42)/K43,0) -> 0.2287927 | AP43: =SUM(AP40:AP42) -> 143.19115 | AQ43: =SUM(AQ40:AQ42) -> 140.81215 | AS43: =SUM(AS40:AS42) -> 0 | AU43: =AT42 -> 2481.9 | AV43: =SUM(AV40:AV42) -> 0
A44: 11 | B44: 1 | C44: Цвета Владова | D44: 3969 | E44: 1 | F44: 8727 | G44: 0.8 | H44: 4.2 | I44: 10415 | J44: 4.2 | K44: 15085 | L44: 0.087 | M44: =ROUND(K44*(1-L44),0) -> 13773 | N44: 0.605 | O44: =M44*N44 -> 8332.665 | P44: 0.292 | Q44: =M44*P44 -> 4021.716 | R44: 0.103 | S44: 0.2445 | T44: =M44*R44 -> 1418.619 | U44: 0.214 | V44: =M44*U44 -> 2947.422 | W44: 0.513 | X44: =M44*W44 -> 7065.549 | Y44: 0.39 | Z44: =Y44*M44 -> 5371.47 | AA44: 0.00271 | AB44: =M44*AA44 -> 37.32483 | AC44: 0.00268 | AD44: =M44*AC44 -> 36.91164 | AE44: =IF(M44>0,(AG44+AP44)/M44,0) -> 0.0028071067 | AF44: 0.00037 | AG44: =AF44*M44 -> 5.09601 | AH44: 0.2097 | AI44: =AL44*(1-AM44)*AH44 -> 31.117802 | AJ44: =IF(AND(AH44>0,AF44>0,AC44>0),((AC44-AF44)*AH44)/((AH44-AF44)*AC44),0) -> 0.86346382 | AK44: =IF(AND(AE44>0,AN44>0,AF44>0),((AN44*(AE44-AF44))/(AE44*(AN44-AF44))),0) -> 0.86961413 | AL44: 162 | AM44: 0.084 | AN44: 0.2262 | AO44: 0.2279 | AP44: =AL44*(1-AM44)*AN44 -> 33.56627 | AQ44: =AL44*(1-AM44)*AO44 -> 33.818537 | AR44: 1.5 | AS44: 1000.68 | AT44: =AT42+AL44-AS44 -> 1643.22
B45: 2 | C45: Димитър Цончев | D45: 17200 | E45: 7 | F45: 13891 | G45: 0.6 | H45: 4.8 | I45: 16320 | J45: 4.6 | K45: 15193 | L45: 0.086 | M45: =ROUND(K45*(1-L45),0) -> 13886 | N45: 0.604 | O45: =M45*N45 -> 8387.144 | P45: 0.34 | Q45: =M45*P45 -> 4721.24 | R45: 0.056 | S45: 0.2434 | T45: =M45*R45 -> 777.616 | U45: 0.222 | V45: =M45*U45 -> 3082.692 | W45: 0.51 | X45: =M45*W45 -> 7081.86 | Y45: 0.4 | Z45: =Y45*M45 -> 5554.4 | AA45: 0.00277 | AB45: =M45*AA45 -> 38.46422 | AC45: 0.0027 | AD45: =M45*AC45 -> 37.4922 | AE45: =IF(M45>0,(AG45+AP45)/M45,0) -> 0.002860684 | AF45: 0.00036 | AG45: =AF45*M45 -> 4.99896 | AH45: 0.2094 | AI45: =AL45*(1-AM45)*AH45 -> 31.683267 | AJ45: =IF(AND(AH45>0,AF45>0,AC45>0),((AC45-AF45)*AH45)/((AH45-AF45)*AC45),0) -> 0.8681592 | AK45: =IF(AND(AE45>0,AN45>0,AF45>0),((AN45*(AE45-AF45))/(AE45*(AN45-AF45))),0) -> 0.87552935 | AL45: 165 | AM45: 0.083 | AN45: 0.2295 | AO45: 0.235 | AP45: =AL45*(1-AM45)*AN45 -> 34.724498 | AQ45: =AL45*(1-AM45)*AO45 -> 35.556675 | AR45: 1.5 | AT45: =AT44+AL45-AS45 -> 1808.22
B46: 3 | C46: Иванка Копаранска | D46: 14656 | E46: 3 | F46: 14312 | G46: 1.1 | H46: 5.2 | I46: 16768 | J46: 4.2 | K46: 15177 | L46: 0.074 | M46: =ROUND(K46*(1-L46),0) -> 14054 | N46: 0.575 | O46: =M46*N46 -> 8081.05 | P46: 0.327 | Q46: =M46*P46 -> 4595.658 | R46: 0.098 | S46: 0.256 | T46: =M46*R46 -> 1377.292 | U46: 0.225 | V46: =M46*U46 -> 3162.15 | W46: 0.499 | X46: =M46*W46 -> 7012.946 | Y46: 0.4 | Z46: =Y46*M46 -> 5621.6 | AA46: 0.00258 | AB46: =M46*AA46 -> 36.25932 | AC46: 0.00261 | AD46: =M46*AC46 -> 36.68094 | AE46: =IF(M46>0,(AG46+AP46)/M46,0) -> 0.0027006527 | AF46: 0.00035 | AG46: =AF46*M46 -> 4.9189 | AH46: 0.207 | AI46: =AL46*(1-AM46)*AH46 -> 30.460878 | AJ46: =IF(AND(AH46>0,AF46>0,AC46>0),((AC46-AF46)*AH46)/((AH46-AF46)*AC46),0) -> 0.86736695 | AK46: =IF(AND(AE46>0,AN46>0,AF46>0),((AN46*(AE46-AF46))/(AE46*(AN46-AF46))),0) -> 0.87176079 | AL46: 161 | AM46: 0.086 | AN46: 0.2245 | AO46: 0.227 | AP46: =AL46*(1-AM46)*AN46 -> 33.036073 | AQ46: =AL46*(1-AM46)*AO46 -> 33.403958 | AR46: 1.55 | AT46: =AT45+AL46-AS46 -> 1969.22
B47: Общо | D47: =SUM(D44:D46) -> 35825 | F47: =SUM(F44:F46) -> 36930 | I47: =SUM(I44:I46) -> 43503 | K47: =SUM(K44:K46) -> 45455 | L47: =IF(K47>0,(K44*L44+K45*L45+K46*L46)/K47,0) -> 0.082325179 | M47: =M44+M45+M46 -> 41713 | N47: =IF(M47>0,O47/M47,0) -> 0.59455947 | O47: =O44+O45+O46 -> 24800.859 | P47: =IF(M47>0,Q47/M47,0) -> 0.31977115 | Q47: =Q44+Q45+Q46 -> 13338.614 | R47: =IF(M47>0,T47/M47,0) -> 0.085669384 | T47: =T44+T45+T46 -> 3573.527 | U47: =IF(M47>0,V47/M47,0) -> 0.22036929 | V47: =V44+V45+V46 -> 9192.264 | W47: =IF(M47>0,X47/M47,0) -> 0.50728442 | X47: =X44+X45+X46 -> 21160.355 | Y47: =IF(M47>0,Z47/M47,0) -> 0.39669815 | Z47: =Z44+Z45+Z46 -> 16547.47 | AA47: =IF(M47>0,AB47/M47,0) -> 0.0026861739 | AB47: =SUM(AB44:AB46) -> 112.04837 | AC47: =IF(M47>0,AD47/M47,0) -> 0.0026630734 | AD47: =SUM(AD44:AD46) -> 111.08478 | AE47: =IF(M47>0,(AE44*M44+AE45*M45+AE46*M46)/M47,0) -> 0.0027890756 | AF47: =IF(K47>0,(K44*AF44+K45*AF45+K46*AF46)/K47,0) -> 0.00035997976 | AG47: =SUM(AG44:AG46) -> 15.01387 | AH47: =IF(K47>0,(K44*AH44+K45*AH45+K46*AH46)/K47,0) -> 0.20869822 | AI47: =SUM(AI44:AI46) -> 93.261947 | AJ47: =IF(AND(AD47>0),((AD44*AJ44+AD45*AJ45+AD46*AJ46)/AD47),0) -> 0.86633739 | AK47: =IF(AND(AE47>0,AN47>0,AF47>0),((AN47*(AE47-AF47))/(AE47*(AN47-AF47))),0) -> 0.87231718 | AL47: =SUM(AL44:AL46) -> 488 | AM47: =IF(AL47>0,(AM44*AL44+AM45*AL45+AM46*AL46)/AL47,0) -> 0.084321721 | AN47: =IF(K47>0,(AN44*K44+AN45*K45+AN46*K46)/K47,0) -> 0.22673539 | AO47: =IF(L47>0,(AO44*K44+AO45*K45+AO46*K46)/K47,0) -> 0.22997262 | AP47: =SUM(AP44:AP46) -> 101.32684 | AQ47: =SUM(AQ44:AQ46) -> 102.77917 | AS47: =SUM(AS44:AS46) -> 1000.68 | AU47: =AT46 -> 1969.22 | AV47: =SUM(AV44:AV46) -> 0
A48: 12 | B48: 1 | C48: Цвета Владова | D48: 4490 | E48: 5 | F48: 9538 | G48: 0.8 | H48: 3.7 | I48: 11535 | J48: 5.2 | K48: 15114 | L48: 0.088 | M48: =ROUND(K48*(1-L48),0) -> 13784 | N48: 0.582 | O48: =M48*N48 -> 8022.288 | P48: 0.328 | Q48: =M48*P48 -> 4521.152 | R48: 0.09 | S48: 0.2417 | T48: =M48*R48 -> 1240.56 | U48: 0.202 | V48: =M48*U48 -> 2784.368 | W48: 0.518 | X48: =M48*W48 -> 7140.112 | Y48: 0.4 | Z48: =Y48*M48 -> 5513.6 | AA48: 0.00285 | AB48: =M48*AA48 -> 39.2844 | AC48: 0.00268 | AD48: =M48*AC48 -> 36.94112 | AE48: =IF(M48>0,(AG48+AP48)/M48,0) -> 0.0028265806 | AF48: 0.00037 | AG48: =AF48*M48 -> 5.10008 | AH48: 0.1995 | AI48: =AL48*(1-AM48)*AH48 -> 29.904252 | AJ48: =IF(AND(AH48>0,AF48>0,AC48>0),((AC48-AF48)*AH48)/((AH48-AF48)*AC48),0) -> 0.86354185 | AK48: =IF(AND(AE48>0,AN48>0,AF48>0),((AN48*(AE48-AF48))/(AE48*(AN48-AF48))),0) -> 0.87052561 | AL48: 164 | AM48: 0.086 | AN48: 0.2259 | AO48: 0.2259 | AP48: =AL48*(1-AM48)*AN48 -> 33.861506 | AQ48: =AL48*(1-AM48)*AO48 -> 33.861506 | AR48: 1.5 | AS48: 1012.72 | AT48: =AT46+AL48-AS48+AU48 -> 1137.14 | AU48: 16.64
B49: 2 | C49: Георги Томов | D49: 21735 | E49: 7 | F49: 13525 | G49: 0.5 | H49: 3 | I49: 15658 | J49: 6 | K49: 16075 | L49: 0.084 | M49: =ROUND(K49*(1-L49),0) -> 14725 | N49: 0.56 | O49: =M49*N49 -> 8246 | P49: 0.393 | Q49: =M49*P49 -> 5786.925 | R49: 0.047 | S49: 0.2397 | T49: =M49*R49 -> 692.075 | U49: 0.22 | V49: =M49*U49 -> 3239.5 | W49: 0.521 | X49: =M49*W49 -> 7671.725 | Y49: 0.39 | Z49: =Y49*M49 -> 5742.75 | AA49: 0.00287 | AB49: =M49*AA49 -> 42.26075 | AC49: 0.00282 | AD49: =M49*AC49 -> 41.5245 | AE49: =IF(M49>0,(AG49+AP49)/M49,0) -> 0.0028299714 | AF49: 0.00036 | AG49: =AF49*M49 -> 5.301 | AH49: 0.2072 | AI49: =AL49*(1-AM49)*AH49 -> 33.403955 | AJ49: =IF(AND(AH49>0,AF49>0,AC49>0),((AC49-AF49)*AH49)/((AH49-AF49)*AC49),0) -> 0.87385871 | AK49: =IF(AND(AE49>0,AN49>0,AF49>0),((AN49*(AE49-AF49))/(AE49*(AN49-AF49))),0) -> 0.87418521 | AL49: 176 | AM49: 0.084 | AN49: 0.2256 | AO49: 0.2332 | AP49: =AL49*(1-AM49)*AN49 -> 36.37033 | AQ49: =AL49*(1-AM49)*AO49 -> 37.595571 | AR49: 1.52 | AT49: =AT48+AL49-AS49 -> 1313.14
B50: 3 | C50: Иванка Копаранска | D50: 21105 | E50: 1 | F50: 14077 | G50: 0.9 | H50: 4.3 | I50: 16715 | J50: 5.1 | K50: 17065 | L50: 0.084 | M50: =ROUND(K50*(1-L50),0) -> 15632 | N50: 0.51 | O50: =M50*N50 -> 7972.32 | P50: 0.398 | Q50: =M50*P50 -> 6221.536 | R50: 0.092 | S50: 0.258 | T50: =M50*R50 -> 1438.144 | U50: 0.244 | V50: =M50*U50 -> 3814.208 | W50: 0.483 | X50: =M50*W50 -> 7550.256 | Y50: 0.4 | Z50: =Y50*M50 -> 6252.8 | AA50: 0.00259 | AB50: =M50*AA50 -> 40.48688 | AC50: 0.00266 | AD50: =M50*AC50 -> 41.58112 | AE50: =IF(M50>0,(AG50+AP50)/M50,0) -> 0.0029423026 | AF50: 0.00034 | AG50: =AF50*M50 -> 5.31488 | AH50: 0.211 | AI50: =AL50*(1-AM50)*AH50 -> 37.108992 | AJ50: =IF(AND(AH50>0,AF50>0,AC50>0),((AC50-AF50)*AH50)/((AH50-AF50)*AC50),0) -> 0.87358813 | AK50: =IF(AND(AE50>0,AN50>0,AF50>0),((AN50*(AE50-AF50))/(AE50*(AN50-AF50))),0) -> 0.88574625 | AL50: 192 | AM50: 0.084 | AN50: 0.2313 | AO50: 0.2357 | AP50: =AL50*(1-AM50)*AN50 -> 40.679194 | AQ50: =AL50*(1-AM50)*AO50 -> 41.45303 | AR50: 1.6 | AT50: =AT49+AL50-AS50 -> 1505.14
B51: Общо | D51: =SUM(D48:D50) -> 47330 | F51: =SUM(F48:F50) -> 37140 | I51: =SUM(I48:I50) -> 43908 | K51: =SUM(K48:K50) -> 48254 | L51: =IF(K51>0,(K48*L48+K49*L49+K50*L50)/K51,0) -> 0.08525287 | M51: =M48+M49+M50 -> 44141 | N51: =IF(M51>0,O51/M51,0) -> 0.54916309 | O51: =O48+O49+O50 -> 24240.608 | P51: =IF(M51>0,Q51/M51,0) -> 0.37447301 | Q51: =Q48+Q49+Q50 -> 16529.613 | R51: =IF(M51>0,T51/M51,0) -> 0.076363902 | T51: =T48+T49+T50 -> 3370.779 | U51: =IF(M51>0,V51/M51,0) -> 0.22287841 | V51: =V48+V49+V50 -> 9838.076 | W51: =IF(M51>0,X51/M51,0) -> 0.50660594 | X51: =X48+X49+X50 -> 22362.093 | Y51: =IF(M51>0,Z51/M51,0) -> 0.3966641 | Z51: =Z48+Z49+Z50 -> 17509.15 | AA51: =IF(M51>0,AB51/M51,0) -> 0.002764596 | AB51: =SUM(AB48:AB50) -> 122.03203 | AC51: =IF(M51>0,AD51/M51,0) -> 0.0027196199 | AD51: =SUM(AD48:AD50) -> 120.04674 | AE51: =IF(M51>0,(AE48*M48+AE49*M49+AE50*M50)/M51,0) -> 0.0028686933 | AF51: =IF(K51>0,(K48*AF48+K49*AF49+K50*AF50)/K51,0) -> 0.00035605919 | AG51: =SUM(AG48:AG50) -> 15.71596 | AH51: =IF(K51>0,(K48*AH48+K49*AH49+K50*AH50)/K51,0) -> 0.20613209 | AI51: =SUM(AI48:AI50) -> 100.4172 | AJ51: =IF(AND(AD51>0),((AD48*AJ48+AD49*AJ49+AD50*AJ50)/AD51),0) -> 0.87059026 | AK51: =IF(AND(AE51>0,AN51>0,AF51>0),((AN51*(AE51-AF51))/(AE51*(AN51-AF51))),0) -> 0.87725277 | AL51: =SUM(AL48:AL50) -> 532 | AM51: =IF(AL51>0,(AM48*AL48+AM49*AL49+AM50*AL50)/AL51,0) -> 0.084616541 | AN51: =IF(K51>0,(AN48*K48+AN49*K49+AN50*K50)/K51,0) -> 0.22770977 | AO51: =IF(L51>0,(AO48*K48+AO49*K49+AO50*K50)/K51,0) -> 0.23179764 | AP51: =SUM(AP48:AP50) -> 110.91103 | AQ51: =SUM(AQ48:AQ50) -> 112.91011 | AS51: =SUM(AS48:AS50) -> 1012.72 | AU51: =AT50 -> 1505.14 | AV51: =SUM(AV48:AV50) -> 0
A52: 13 | B52: 1 | C52: Димитър Цончев | D52: 5700 | E52: 0 | F52: 14246 | G52: 1.1 | H52: 5.1 | I52: 16882 | J52: 5.4 | K52: 16926 | L52: 0.081 | M52: =ROUND(K52*(1-L52),0) -> 15555 | N52: 0.685 | O52: =M52*N52 -> 10655.175 | P52: 0.255 | Q52: =M52*P52 -> 3966.525 | R52: 0.06 | S52: 0.2454 | T52: =M52*R52 -> 933.3 | U52: 0.241 | V52: =M52*U52 -> 3748.755 | W52: 0.482 | X52: =M52*W52 -> 7497.51 | Y52: 0.41 | Z52: =Y52*M52 -> 6377.55 | AA52: 0.00276 | AB52: =M52*AA52 -> 42.9318 | AC52: 0.00276 | AD52: =M52*AC52 -> 42.9318 | AE52: =IF(M52>0,(AG52+AP52)/M52,0) -> 0.0029043659 | AF52: 0.00033 | AG52: =AF52*M52 -> 5.13315 | AH52: 0.2076 | AI52: =AL52*(1-AM52)*AH52 -> 36.019015 | AJ52: =IF(AND(AH52>0,AF52>0,AC52>0),((AC52-AF52)*AH52)/((AH52-AF52)*AC52),0) -> 0.88183655 | AK52: =IF(AND(AE52>0,AN52>0,AF52>0),((AN52*(AE52-AF52))/(AE52*(AN52-AF52))),0) -> 0.88764712 | AL52: 189 | AM52: 0.082 | AN52: 0.2308 | AO52: 0.2339 | AP52: =AL52*(1-AM52)*AN52 -> 40.044262 | AQ52: =AL52*(1-AM52)*AO52 -> 40.582118 | AR52: 1.55 | AS52: 503.28 | AT52: =AT50+AL52-AS52 -> 1190.86
B53: 2 | C53: Георги Томов | D53: 19045 | E53: 7 | F53: 15251 | G53: 1.2 | H53: 4.5 | I53: 17342 | J53: 5.4 | K53: 16998 | L53: 0.076 | M53: =ROUND(K53*(1-L53),0) -> 15706 | N53: 0.66 | O53: =M53*N53 -> 10365.96 | P53: 0.272 | Q53: =M53*P53 -> 4272.032 | R53: 0.068 | S53: 0.251 | T53: =M53*R53 -> 1068.008 | U53: 0.238 | V53: =M53*U53 -> 3738.028 | W53: 0.493 | X53: =M53*W53 -> 7743.058 | Y53: 0.41 | Z53: =Y53*M53 -> 6439.46 | AA53: 0.00273 | AB53: =M53*AA53 -> 42.87738 | AC53: 0.00279 | AD53: =M53*AC53 -> 43.81974 | AE53: =IF(M53>0,(AG53+AP53)/M53,0) -> 0.0027935617 | AF53: 0.00032 | AG53: =AF53*M53 -> 5.02592 | AH53: 0.2101 | AI53: =AL53*(1-AM53)*AH53 -> 35.488411 | AJ53: =IF(AND(AH53>0,AF53>0,AC53>0),((AC53-AF53)*AH53)/((AH53-AF53)*AC53),0) -> 0.88665511 | AK53: =IF(AND(AE53>0,AN53>0,AF53>0),((AN53*(AE53-AF53))/(AE53*(AN53-AF53))),0) -> 0.88668454 | AL53: 184 | AM53: 0.082 | AN53: 0.23 | AO53: 0.2361 | AP53: =AL53*(1-AM53)*AN53 -> 38.84976 | AQ53: =AL53*(1-AM53)*AO53 -> 39.880123 | AR53: 1.55 | AT53: =AT52+AL53-AS53 -> 1374.86
B54: 3 | C54: Иванка Копаранска | D54: 22775 | E54: 1 | F54: 15739 | G54: 1.2 | H54: 5.1 | I54: 18148 | J54: 5.2 | K54: 17004 | L54: 0.08 | M54: =ROUND(K54*(1-L54),0) -> 15644 | N54: 0.619 | O54: =M54*N54 -> 9683.636 | P54: 0.316 | Q54: =M54*P54 -> 4943.504 | R54: 0.065 | S54: 0.2544 | T54: =M54*R54 -> 1016.86 | U54: 0.241 | V54: =M54*U54 -> 3770.204 | W54: 0.484 | X54: =M54*W54 -> 7571.696 | Y54: 0.4 | Z54: =Y54*M54 -> 6257.6 | AA54: 0.00269 | AB54: =M54*AA54 -> 42.08236 | AC54: 0.00274 | AD54: =M54*AC54 -> 42.86456 | AE54: =IF(M54>0,(AG54+AP54)/M54,0) -> 0.0030201848 | AF54: 0.00033 | AG54: =AF54*M54 -> 5.16252 | AH54: 0.2078 | AI54: =AL54*(1-AM54)*AH54 -> 37.198278 | AJ54: =IF(AND(AH54>0,AF54>0,AC54>0),((AC54-AF54)*AH54)/((AH54-AF54)*AC54),0) -> 0.88096107 | AK54: =IF(AND(AE54>0,AN54>0,AF54>0),((AN54*(AE54-AF54))/(AE54*(AN54-AF54))),0) -> 0.89198721 | AL54: 195 | AM54: 0.082 | AN54: 0.2351 | AO54: 0.2394 | AP54: =AL54*(1-AM54)*AN54 -> 42.085251 | AQ54: =AL54*(1-AM54)*AO54 -> 42.854994 | AR54: 1.6 | AT54: =AT53+AL54-AS54 -> 1569.86
B55: Общо | D55: =SUM(D52:D54) -> 47520 | F55: =SUM(F52:F54) -> 45236 | I55: =SUM(I52:I54) -> 52372 | K55: =SUM(K52:K54) -> 50928 | L55: =IF(K55>0,(K52*L52+K53*L53+K54*L54)/K55,0) -> 0.07899729 | M55: =M52+M53+M54 -> 46905 | N55: =IF(M55>0,O55/M55,0) -> 0.65461616 | O55: =O52+O53+O54 -> 30704.771 | P55: =IF(M55>0,Q55/M55,0) -> 0.28103744 | Q55: =Q52+Q53+Q54 -> 13182.061 | R55: =IF(M55>0,T55/M55,0) -> 0.064346402 | T55: =T52+T53+T54 -> 3018.168 | U55: =IF(M55>0,V55/M55,0) -> 0.23999546 | V55: =V52+V53+V54 -> 11256.987 | W55: =IF(M55>0,X55/M55,0) -> 0.48635037 | X55: =X52+X53+X54 -> 22812.264 | Y55: =IF(M55>0,Z55/M55,0) -> 0.40666475 | Z55: =Z52+Z53+Z54 -> 19074.61 | AA55: =IF(M55>0,AB55/M55,0) -> 0.0027266078 | AB55: =SUM(AB52:AB54) -> 127.89154 | AC55: =IF(M55>0,AD55/M55,0) -> 0.0027633749 | AD55: =SUM(AD52:AD54) -> 129.6161 | AE55: =IF(M55>0,(AE52*M52+AE53*M53+AE54*M54)/M55,0) -> 0.002905892 | AF55: =IF(K55>0,(K52*AF52+K53*AF53+K54*AF54)/K55,0) -> 0.00032666235 | AG55: =SUM(AG52:AG54) -> 15.32159 | AH55: =IF(K55>0,(K52*AH52+K53*AH53+K54*AH54)/K55,0) -> 0.20850119 | AI55: =SUM(AI52:AI54) -> 108.7057 | AJ55: =IF(AND(AD55>0),((AD52*AJ52+AD53*AJ53+AD54*AJ54)/AD55),0) -> 0.88317605 | AK55: =IF(AND(AE55>0,AN55>0,AF55>0),((AN55*(AE55-AF55))/(AE55*(AN55-AF55))),0) -> 0.88883788 | AL55: =SUM(AL52:AL54) -> 568 | AM55: =IF(AL55>0,(AM52*AL52+AM53*AL53+AM54*AL54)/AL55,0) -> 0.082 | AN55: =IF(K55>0,(AN52*K52+AN53*K53+AN54*K54)/K55,0) -> 0.23196869 | AO55: =IF(L55>0,(AO52*K52+AO53*K53+AO54*K54)/K55,0) -> 0.23647064 | AP55: =SUM(AP52:AP54) -> 120.97927 | AQ55: =SUM(AQ52:AQ54) -> 123.31724 | AS55: =SUM(AS52:AS54) -> 503.28 | AU55: =AT54 -> 1569.86 | AV55: =SUM(AV52:AV54) -> 0
A56: 14 | B56: 1 | C56: Димитър Цончев | D56: 6400 | E56: 0 | F56: 11791 | G56: 1.2 | H56: 4.5 | I56: 14218 | J56: 5.8 | K56: 16805 | L56: 0.079 | M56: =ROUND(K56*(1-L56),0) -> 15477 | N56: 0.652 | O56: =M56*N56 -> 10091.004 | P56: 0.271 | Q56: =M56*P56 -> 4194.267 | R56: 0.077 | S56: 0.2453 | T56: =M56*R56 -> 1191.729 | U56: 0.233 | V56: =M56*U56 -> 3606.141 | W56: 0.485 | X56: =M56*W56 -> 7506.345 | Y56: 0.41 | Z56: =Y56*M56 -> 6345.57 | AA56: 0.00276 | AB56: =M56*AA56 -> 42.71652 | AC56: 0.0027 | AD56: =M56*AC56 -> 41.7879 | AE56: =IF(M56>0,(AG56+AP56)/M56,0) -> 0.0027600938 | AF56: 0.00032 | AG56: =AF56*M56 -> 4.95264 | AH56: 0.2062 | AI56: =AL56*(1-AM56)*AH56 -> 33.886908 | AJ56: =IF(AND(AH56>0,AF56>0,AC56>0),((AC56-AF56)*AH56)/((AH56-AF56)*AC56),0) -> 0.88285157 | AK56: =IF(AND(AE56>0,AN56>0,AF56>0),((AN56*(AE56-AF56))/(AE56*(AN56-AF56))),0) -> 0.8852947 | AL56: 180 | AM56: 0.087 | AN56: 0.2298 | AO56: 0.2334 | AP56: =AL56*(1-AM56)*AN56 -> 37.765332 | AQ56: =AL56*(1-AM56)*AO56 -> 38.356956 | AR56: 1.55 | AS56: 500.84 | AT56: =AT54+AL56-AS56 -> 1249.02
B57: 2 | C57: Георги Томов | D57: 19425 | E57: 7 | F57: 17476 | G57: 0.9 | H57: 4.9 | I57: 19444 | J57: 5.3 | K57: 17011 | L57: 0.079 | M57: =ROUND(K57*(1-L57),0) -> 15667 | N57: 0.711 | O57: =M57*N57 -> 11139.237 | P57: 0.203 | Q57: =M57*P57 -> 3180.401 | R57: 0.086 | S57: 0.2515 | T57: =M57*R57 -> 1347.362 | U57: 0.239 | V57: =M57*U57 -> 3744.413 | W57: 0.483 | X57: =M57*W57 -> 7567.161 | Y57: 0.41 | Z57: =Y57*M57 -> 6423.47 | AA57: 0.00264 | AB57: =M57*AA57 -> 41.36088 | AC57: 0.00265 | AD57: =M57*AC57 -> 41.51755 | AE57: =IF(M57>0,(AG57+AP57)/M57,0) -> 0.0027662425 | AF57: 0.00032 | AG57: =AF57*M57 -> 5.01344 | AH57: 0.2054 | AI57: =AL57*(1-AM57)*AH57 -> 35.033435 | AJ57: =IF(AND(AH57>0,AF57>0,AC57>0),((AC57-AF57)*AH57)/((AH57-AF57)*AC57),0) -> 0.88061723 | AK57: =IF(AND(AE57>0,AN57>0,AF57>0),((AN57*(AE57-AF57))/(AE57*(AN57-AF57))),0) -> 0.88558079 | AL57: 186 | AM57: 0.083 | AN57: 0.2247 | AO57: 0.2284 | AP57: =AL57*(1-AM57)*AN57 -> 38.325281 | AQ57: =AL57*(1-AM57)*AO57 -> 38.956361 | AR57: 1.55 | AT57: =AT56+AL57-AS57 -> 1435.02
B58: 3 | C58: Цвета Владова | D58: 21755 | E58: 2 | F58: 16631 | G58: 0.6 | H58: 4 | I58: 19253 | J58: 4.8 | K58: 17319 | L58: 0.071 | M58: =ROUND(K58*(1-L58),0) -> 16089 | N58: 0.718 | O58: =M58*N58 -> 11551.902 | P58: 0.223 | Q58: =M58*P58 -> 3587.847 | R58: 0.059 | S58: 0.2409 | T58: =M58*R58 -> 949.251 | U58: 0.238 | V58: =M58*U58 -> 3829.182 | W58: 0.484 | X58: =M58*W58 -> 7787.076 | Y58: 0.41 | Z58: =Y58*M58 -> 6596.49 | AA58: 0.00268 | AB58: =M58*AA58 -> 43.11852 | AC58: 0.00267 | AD58: =M58*AC58 -> 42.95763 | AE58: =IF(M58>0,(AG58+AP58)/M58,0) -> 0.0026831373 | AF58: 0.00032 | AG58: =AF58*M58 -> 5.14848 | AH58: 0.208 | AI58: =AL58*(1-AM58)*AH58 -> 35.13224 | AJ58: =IF(AND(AH58>0,AF58>0,AC58>0),((AC58-AF58)*AH58)/((AH58-AF58)*AC58),0) -> 0.88150598 | AK58: =IF(AND(AE58>0,AN58>0,AF58>0),((AN58*(AE58-AF58))/(AE58*(AN58-AF58))),0) -> 0.88199046 | AL58: 185 | AM58: 0.087 | AN58: 0.2251 | AO58: 0.2291 | AP58: =AL58*(1-AM58)*AN58 -> 38.020516 | AQ58: =AL58*(1-AM58)*AO58 -> 38.696135 | AR58: 1.55 | AT58: =AT57+AL58-AS58 -> 1620.02
B59: Общо | D59: =SUM(D56:D58) -> 47580 | F59: =SUM(F56:F58) -> 45898 | I59: =SUM(I56:I58) -> 52915 | K59: =SUM(K56:K58) -> 51135 | L59: =IF(K59>0,(K56*L56+K57*L57+K58*L58)/K59,0) -> 0.076290466 | M59: =M56+M57+M58 -> 47233 | N59: =IF(M59>0,O59/M59,0) -> 0.69405168 | O59: =O56+O57+O58 -> 32782.143 | P59: =IF(M59>0,Q59/M59,0) -> 0.2320944 | Q59: =Q56+Q57+Q58 -> 10962.515 | R59: =IF(M59>0,T59/M59,0) -> 0.073853916 | T59: =T56+T57+T58 -> 3488.342 | U59: =IF(M59>0,V59/M59,0) -> 0.23669333 | V59: =V56+V57+V58 -> 11179.736 | W59: =IF(M59>0,X59/M59,0) -> 0.48399598 | X59: =X56+X57+X58 -> 22860.582 | Y59: =IF(M59>0,Z59/M59,0) -> 0.41 | Z59: =Z56+Z57+Z58 -> 19365.53 | AA59: =IF(M59>0,AB59/M59,0) -> 0.002692946 | AB59: =SUM(AB56:AB58) -> 127.19592 | AC59: =IF(M59>0,AD59/M59,0) -> 0.0026731963 | AD59: =SUM(AD56:AD58) -> 126.26308 | AE59: =IF(M59>0,(AE56*M56+AE57*M57+AE58*M58)/M59,0) -> 0.0027359196 | AF59: =IF(K59>0,(K56*AF56+K57*AF57+K58*AF58)/K59,0) -> 0.00032 | AG59: =SUM(AG56:AG58) -> 15.11456 | AH59: =IF(K59>0,(K56*AH56+K57*AH57+K58*AH58)/K59,0) -> 0.20654351 | AI59: =SUM(AI56:AI58) -> 104.05258 | AJ59: =IF(AND(AD59>0),((AD56*AJ56+AD57*AJ57+AD58*AJ58)/AD59),0) -> 0.88165908 | AK59: =IF(AND(AE59>0,AN59>0,AF59>0),((AN59*(AE59-AF59))/(AE59*(AN59-AF59))),0) -> 0.88428676 | AL59: =SUM(AL56:AL58) -> 551 | AM59: =IF(AL59>0,(AM56*AL56+AM57*AL57+AM58*AL58)/AL59,0) -> 0.085649728 | AN59: =IF(K59>0,(AN56*K56+AN57*K57+AN58*K58)/K59,0) -> 0.22651154 | AO59: =IF(L59>0,(AO56*K56+AO57*K57+AO58*K58)/K59,0) -> 0.23028028 | AP59: =SUM(AP56:AP58) -> 114.11113 | AQ59: =SUM(AQ56:AQ58) -> 116.00945 | AS59: =SUM(AS56:AS58) -> 500.84 | AU59: =AT58 -> 1620.02 | AV59: =SUM(AV56:AV58) -> 0
A60: 15 | B60: 1 | C60: Димитър Цончев | D60: 19400 | E60: 0 | F60: 16988 | G60: 0.5 | H60: 4.2 | I60: 19854 | J60: 3.9 | K60: 17181 | L60: 0.08 | M60: =ROUND(K60*(1-L60),0) -> 15807 | N60: 0.591 | O60: =M60*N60 -> 9341.937 | P60: 0.328 | Q60: =M60*P60 -> 5184.696 | R60: 0.081 | S60: 0.2503 | T60: =M60*R60 -> 1280.367 | U60: 0.247 | V60: =M60*U60 -> 3904.329 | W60: 0.456 | X60: =M60*W60 -> 7207.992 | Y60: 0.38 | Z60: =Y60*M60 -> 6006.66 | AA60: 0.00236 | AB60: =M60*AA60 -> 37.30452 | AC60: 0.0025 | AD60: =M60*AC60 -> 39.5175 | AE60: =IF(M60>0,(AG60+AP60)/M60,0) -> 0.0029022827 | AF60: 0.00032 | AG60: =AF60*M60 -> 5.05824 | AH60: 0.2045 | AI60: =AL60*(1-AM60)*AH60 -> 36.261122 | AJ60: =IF(AND(AH60>0,AF60>0,AC60>0),((AC60-AF60)*AH60)/((AH60-AF60)*AC60),0) -> 0.87336664 | AK60: =IF(AND(AE60>0,AN60>0,AF60>0),((AN60*(AE60-AF60))/(AE60*(AN60-AF60))),0) -> 0.89098051 | AL60: 194 | AM60: 0.086 | AN60: 0.2302 | AO60: 0.2302 | AP60: =AL60*(1-AM60)*AN60 -> 40.818143 | AQ60: =AL60*(1-AM60)*AO60 -> 40.818143 | AR60: 1.55 | AT60: =AT58+AL60-AS60 -> 1814.02
B61: 2 | C61: Георги Томов | D61: 18445 | E61: 4 | F61: 17360 | G61: 0.2 | H61: 3.1 | I61: 20691 | J61: 2.8 | K61: 16363 | L61: 0.079 | M61: =ROUND(K61*(1-L61),0) -> 15070 | N61: 0.747 | O61: =M61*N61 -> 11257.29 | P61: 0.167 | Q61: =M61*P61 -> 2516.69 | R61: 0.086 | S61: 0.2387 | T61: =M61*R61 -> 1296.02 | U61: 0.213 | V61: =M61*U61 -> 3209.91 | W61: 0.492 | X61: =M61*W61 -> 7414.44 | Y61: 0.4 | Z61: =Y61*M61 -> 6028 | AA61: 0.00279 | AB61: =M61*AA61 -> 42.0453 | AC61: 0.00278 | AD61: =M61*AC61 -> 41.8946 | AE61: =IF(M61>0,(AG61+AP61)/M61,0) -> 0.0027434946 | AF61: 0.00033 | AG61: =AF61*M61 -> 4.9731 | AH61: 0.1978 | AI61: =AL61*(1-AM61)*AH61 -> 33.951183 | AJ61: =IF(AND(AH61>0,AF61>0,AC61>0),((AC61-AF61)*AH61)/((AH61-AF61)*AC61),0) -> 0.88276773 | AK61: =IF(AND(AE61>0,AN61>0,AF61>0),((AN61*(AE61-AF61))/(AE61*(AN61-AF61))),0) -> 0.88108761 | AL61: 188 | AM61: 0.087 | AN61: 0.2119 | AO61: 0.2133 | AP61: =AL61*(1-AM61)*AN61 -> 36.371364 | AQ61: =AL61*(1-AM61)*AO61 -> 36.611665 | AR61: 1.55 | AT61: =AT60+AL61-AS61 -> 2002.02
B62: 3 | C62: Цвета Владова | D62: 16380 | E62: 4 | F62: 17578 | G62: 0.6 | H62: 3.2 | I62: 19599 | J62: 1.6 | K62: 16267 | L62: 0.078 | M62: =ROUND(K62*(1-L62),0) -> 14998 | N62: 0.658 | O62: =M62*N62 -> 9868.684 | P62: 0.253 | Q62: =M62*P62 -> 3794.494 | R62: 0.089 | S62: 0.2395 | T62: =M62*R62 -> 1334.822 | U62: 0.204 | V62: =M62*U62 -> 3059.592 | W62: 0.504 | X62: =M62*W62 -> 7558.992 | Y62: 0.41 | Z62: =Y62*M62 -> 6149.18 | AA62: 0.00275 | AB62: =M62*AA62 -> 41.2445 | AC62: 0.00257 | AD62: =M62*AC62 -> 38.54486 | AE62: =IF(M62>0,(AG62+AP62)/M62,0) -> 0.0027985682 | AF62: 0.00033 | AG62: =AF62*M62 -> 4.94934 | AH62: 0.2072 | AI62: =AL62*(1-AM62)*AH62 -> 34.354174 | AJ62: =IF(AND(AH62>0,AF62>0,AC62>0),((AC62-AF62)*AH62)/((AH62-AF62)*AC62),0) -> 0.8729857 | AK62: =IF(AND(AE62>0,AN62>0,AF62>0),((AN62*(AE62-AF62))/(AE62*(AN62-AF62))),0) -> 0.88338806 | AL62: 182 | AM62: 0.089 | AN62: 0.2233 | AO62: 0.2279 | AP62: =AL62*(1-AM62)*AN62 -> 37.023587 | AQ62: =AL62*(1-AM62)*AO62 -> 37.786276 | AR62: 1.55 | AT62: =AT61+AL62-AS62 -> 2184.02
B63: Общо | D63: =SUM(D60:D62) -> 54225 | F63: =SUM(F60:F62) -> 51926 | I63: =SUM(I60:I62) -> 60144 | K63: =SUM(K60:K62) -> 49811 | L63: =IF(K63>0,(K60*L60+K61*L61+K62*L62)/K63,0) -> 0.079018349 | M63: =M60+M61+M62 -> 45875 | N63: =IF(M63>0,O63/M63,0) -> 0.66415065 | O63: =O60+O61+O62 -> 30467.911 | P63: =IF(M63>0,Q63/M63,0) -> 0.25059139 | Q63: =Q60+Q61+Q62 -> 11495.88 | R63: =IF(M63>0,T63/M63,0) -> 0.085257962 | T63: =T60+T61+T62 -> 3911.209 | U63: =IF(M63>0,V63/M63,0) -> 0.22177288 | V63: =V60+V61+V62 -> 10173.831 | W63: =IF(M63>0,X63/M63,0) -> 0.48351878 | X63: =X60+X61+X62 -> 22181.424 | Y63: =IF(M63>0,Z63/M63,0) -> 0.39637798 | Z63: =Z60+Z61+Z62 -> 18183.84 | AA63: =IF(M63>0,AB63/M63,0) -> 0.002628759 | AB63: =SUM(AB60:AB62) -> 120.59432 | AC63: =IF(M63>0,AD63/M63,0) -> 0.0026148656 | AD63: =SUM(AD60:AD62) -> 119.95696 | AE63: =IF(M63>0,(AE60*M60+AE61*M61+AE62*M62)/M63,0) -> 0.002816213 | AF63: =IF(K63>0,(K60*AF60+K61*AF61+K62*AF62)/K63,0) -> 0.00032655076 | AG63: =SUM(AG60:AG62) -> 14.98068 | AH63: =IF(K63>0,(K60*AH60+K61*AH61+K62*AH62)/K63,0) -> 0.20318079 | AI63: =SUM(AI60:AI62) -> 104.56648 | AJ63: =IF(AND(AD63>0),((AD60*AJ60+AD61*AJ61+AD62*AJ62)/AD63),0) -> 0.87652754 | AK63: =IF(AND(AE63>0,AN63>0,AF63>0),((AN63*(AE63-AF63))/(AE63*(AN63-AF63))),0) -> 0.88534883 | AL63: =SUM(AL60:AL62) -> 564 | AM63: =IF(AL63>0,(AM60*AL60+AM61*AL61+AM62*AL62)/AL63,0) -> 0.087301418 | AN63: =IF(K63>0,(AN60*K60+AN61*K61+AN62*K62)/K63,0) -> 0.22193505 | AO63: =IF(L63>0,(AO60*K60+AO61*K61+AO62*K62)/K63,0) -> 0.2238972 | AP63: =SUM(AP60:AP62) -> 114.21309 | AQ63: =SUM(AQ60:AQ62) -> 115.21608 | AS63: =SUM(AS60:AS62) -> 0 | AU63: =AT62 -> 2184.02 | AV63: =SUM(AV60:AV62) -> 0
A64: 16 | B64: 1 | C64: Димитър Цончев | D64: 18800 | E64: 1 | F64: 15179 | G64: 0.7 | H64: 4.5 | I64: 18399 | J64: 1.8 | K64: 16256 | L64: 0.078 | M64: =ROUND(K64*(1-L64),0) -> 14988 | N64: 0.684 | O64: =M64*N64 -> 10251.792 | P64: 0.265 | Q64: =M64*P64 -> 3971.82 | R64: 0.051 | S64: 0.2464 | T64: =M64*R64 -> 764.388 | U64: 0.209 | V64: =M64*U64 -> 3132.492 | W64: 0.483 | X64: =M64*W64 -> 7239.204 | Y64: 0.37 | Z64: =Y64*M64 -> 5545.56 | AA64: 0.00244 | AB64: =M64*AA64 -> 36.57072 | AC64: 0.00245 | AD64: =M64*AC64 -> 36.7206 | AE64: =IF(M64>0,(AG64+AP64)/M64,0) -> 0.0026140773 | AF64: 0.00031 | AG64: =AF64*M64 -> 4.64628 | AH64: 0.2086 | AI64: =AL64*(1-AM64)*AH64 -> 31.252452 | AJ64: =IF(AND(AH64>0,AF64>0,AC64>0),((AC64-AF64)*AH64)/((AH64-AF64)*AC64),0) -> 0.87476938 | AK64: =IF(AND(AE64>0,AN64>0,AF64>0),((AN64*(AE64-AF64))/(AE64*(AN64-AF64))),0) -> 0.88259832 | AL64: 165 | AM64: 0.092 | AN64: 0.2305 | AO64: 0.2336 | AP64: =AL64*(1-AM64)*AN64 -> 34.53351 | AQ64: =AL64*(1-AM64)*AO64 -> 34.997952 | AR64: 1.55 | AT64: =AT62+AL64-AS64 -> 2349.02
B65: 2 | C65: Иванка Копаранска | D65: 19915 | E65: 2 | F65: 13991 | G65: 1 | H65: 4.3 | I65: 16858 | J65: 1.7 | K65: 16235 | L65: 0.081 | M65: =ROUND(K65*(1-L65),0) -> 14920 | N65: 0.721 | O65: =M65*N65 -> 10757.32 | P65: 0.22 | Q65: =M65*P65 -> 3282.4 | R65: 0.059 | S65: 0.2513 | T65: =M65*R65 -> 880.28 | U65: 0.206 | V65: =M65*U65 -> 3073.52 | W65: 0.497 | X65: =M65*W65 -> 7415.24 | Y65: 0.4 | Z65: =Y65*M65 -> 5968 | AA65: 0.00236 | AB65: =M65*AA65 -> 35.2112 | AC65: 0.00228 | AD65: =M65*AC65 -> 34.0176 | AE65: =IF(M65>0,(AG65+AP65)/M65,0) -> 0.0025707698 | AF65: 0.00031 | AG65: =AF65*M65 -> 4.6252 | AH65: 0.2061 | AI65: =AL65*(1-AM65)*AH65 -> 30.979921 | AJ65: =IF(AND(AH65>0,AF65>0,AC65>0),((AC65-AF65)*AH65)/((AH65-AF65)*AC65),0) -> 0.86533666 | AK65: =IF(AND(AE65>0,AN65>0,AF65>0),((AN65*(AE65-AF65))/(AE65*(AN65-AF65))),0) -> 0.88063011 | AL65: 165 | AM65: 0.089 | AN65: 0.2244 | AO65: 0.2263 | AP65: =AL65*(1-AM65)*AN65 -> 33.730686 | AQ65: =AL65*(1-AM65)*AO65 -> 34.016284 | AR65: 1.55 | AT65: =AT64+AL65-AS65 -> 2514.02
B66: 3 | C66: Цвета Владова | D66: 17135 | E66: 1 | F66: 14183 | G66: 0.6 | H66: 5.1 | I66: 16954 | J66: 2.1 | K66: 17171 | L66: 0.072 | M66: =ROUND(K66*(1-L66),0) -> 15935 | N66: 0.69 | O66: =M66*N66 -> 10995.15 | P66: 0.265 | Q66: =M66*P66 -> 4222.775 | R66: 0.045 | S66: 0.2672 | T66: =M66*R66 -> 717.075 | U66: 0.244 | V66: =M66*U66 -> 3888.14 | W66: 0.464 | X66: =M66*W66 -> 7393.84 | Y66: 0.41 | Z66: =Y66*M66 -> 6533.35 | AA66: 0.00229 | AB66: =M66*AA66 -> 36.49115 | AC66: 0.00231 | AD66: =M66*AC66 -> 36.80985 | AE66: =IF(M66>0,(AG66+AP66)/M66,0) -> 0.0025040051 | AF66: 0.00031 | AG66: =AF66*M66 -> 4.93985 | AH66: 0.2006 | AI66: =AL66*(1-AM66)*AH66 -> 31.763004 | AJ66: =IF(AND(AH66>0,AF66>0,AC66>0),((AC66-AF66)*AH66)/((AH66-AF66)*AC66),0) -> 0.86714091 | AK66: =IF(AND(AE66>0,AN66>0,AF66>0),((AN66*(AE66-AF66))/(AE66*(AN66-AF66))),0) -> 0.87743024 | AL66: 174 | AM66: 0.09 | AN66: 0.2208 | AO66: 0.2215 | AP66: =AL66*(1-AM66)*AN66 -> 34.961472 | AQ66: =AL66*(1-AM66)*AO66 -> 35.07231 | AR66: 1.65 | AT66: =AT65+AL66-AS66 -> 2688.02
B67: Общо | D67: =SUM(D64:D66) -> 55850 | F67: =SUM(F64:F66) -> 43353 | I67: =SUM(I64:I66) -> 52211 | K67: =SUM(K64:K66) -> 49662 | L67: =IF(K67>0,(K64*L64+K65*L65+K66*L66)/K67,0) -> 0.076906186 | M67: =M64+M65+M66 -> 45843 | N67: =IF(M67>0,O67/M67,0) -> 0.69812757 | O67: =O64+O65+O66 -> 32004.262 | P67: =IF(M67>0,Q67/M67,0) -> 0.25035436 | Q67: =Q64+Q65+Q66 -> 11476.995 | R67: =IF(M67>0,T67/M67,0) -> 0.051518073 | T67: =T64+T65+T66 -> 2361.743 | U67: =IF(M67>0,V67/M67,0) -> 0.2201896 | V67: =V64+V65+V66 -> 10094.152 | W67: =IF(M67>0,X67/M67,0) -> 0.48095203 | X67: =X64+X65+X66 -> 22048.284 | Y67: =IF(M67>0,Z67/M67,0) -> 0.39366774 | Z67: =Z64+Z65+Z66 -> 18046.91 | AA67: =IF(M67>0,AB67/M67,0) -> 0.0023618234 | AB67: =SUM(AB64:AB66) -> 108.27307 | AC67: =IF(M67>0,AD67/M67,0) -> 0.0023460081 | AD67: =SUM(AD64:AD66) -> 107.54805 | AE67: =IF(M67>0,(AE64*M64+AE65*M65+AE66*M66)/M67,0) -> 0.0025617215 | AF67: =IF(K67>0,(K64*AF64+K65*AF65+K66*AF66)/K67,0) -> 0.00031 | AG67: =SUM(AG64:AG66) -> 14.21133 | AH67: =IF(K67>0,(K64*AH64+K65*AH65+K66*AH66)/K67,0) -> 0.20501667 | AI67: =SUM(AI64:AI66) -> 93.995377 | AJ67: =IF(AND(AD67>0),((AD64*AJ64+AD65*AJ65+AD66*AJ66)/AD67),0) -> 0.86917485 | AK67: =IF(AND(AE67>0,AN67>0,AF67>0),((AN67*(AE67-AF67))/(AE67*(AN67-AF67))),0) -> 0.88019953 | AL67: =SUM(AL64:AL66) -> 504 | AM67: =IF(AL67>0,(AM64*AL64+AM65*AL65+AM66*AL66)/AL67,0) -> 0.090327381 | AN67: =IF(K67>0,(AN64*K64+AN65*K65+AN66*K66)/K67,0) -> 0.225152 | AO67: =IF(L67>0,(AO64*K64+AO65*K65+AO66*K66)/K67,0) -> 0.22702989 | AP67: =SUM(AP64:AP66) -> 103.22567 | AQ67: =SUM(AQ64:AQ66) -> 104.08655 | AS67: =SUM(AS64:AS66) -> 0 | AU67: =AT66 -> 2688.02 | AV67: =SUM(AV64:AV66) -> 0
A68: 17 | B68: 1 | C68: Юлияна Цветкова | D68: 4226 | E68: 0 | F68: 10104 | G68: 0.5 | H68: 4 | I68: 11747 | J68: 4 | K68: 17254 | L68: 0.072 | M68: =ROUND(K68*(1-L68),0) -> 16012 | N68: 0.712 | O68: =M68*N68 -> 11400.544 | P68: 0.193 | Q68: =M68*P68 -> 3090.316 | R68: 0.095 | S68: 0.2634 | T68: =M68*R68 -> 1521.14 | U68: 0.232 | V68: =M68*U68 -> 3714.784 | W68: 0.482 | X68: =M68*W68 -> 7717.784 | Y68: 0.4 | Z68: =Y68*M68 -> 6404.8 | AA68: 0.00271 | AB68: =M68*AA68 -> 43.39252 | AC68: 0.00259 | AD68: =M68*AC68 -> 41.47108 | AE68: =IF(M68>0,(AG68+AP68)/M68,0) -> 0.0024156942 | AF68: 0.0003 | AG68: =AF68*M68 -> 4.8036 | AH68: 0.21 | AI68: =AL68*(1-AM68)*AH68 -> 31.47816 | AJ68: =IF(AND(AH68>0,AF68>0,AC68>0),((AC68-AF68)*AH68)/((AH68-AF68)*AC68),0) -> 0.88543479 | AK68: =IF(AND(AE68>0,AN68>0,AF68>0),((AN68*(AE68-AF68))/(AE68*(AN68-AF68))),0) -> 0.87697622 | AL68: 164 | AM68: 0.086 | AN68: 0.226 | AO68: 0.2265 | AP68: =AL68*(1-AM68)*AN68 -> 33.876496 | AQ68: =AL68*(1-AM68)*AO68 -> 33.951444 | AR68: 1.5 | AS68: 1002.24 | AT68: =AT66+AL68-AS68 -> 1849.78
B69: 2 | C69: Иванка Копаранска | D69: 20869 | E69: 3 | F69: 14124 | G69: 0.9 | H69: 5.7 | I69: 16211 | J69: 4.3 | K69: 17136 | L69: 0.081 | M69: =ROUND(K69*(1-L69),0) -> 15748 | N69: 0.587 | O69: =M69*N69 -> 9244.076 | P69: 0.349 | Q69: =M69*P69 -> 5496.052 | R69: 0.064 | S69: 0.2641 | T69: =M69*R69 -> 1007.872 | U69: 0.246 | V69: =M69*U69 -> 3874.008 | W69: 0.446 | X69: =M69*W69 -> 7023.608 | Y69: 0.41 | Z69: =Y69*M69 -> 6456.68 | AA69: 0.0027 | AB69: =M69*AA69 -> 42.5196 | AC69: 0.00257 | AD69: =M69*AC69 -> 40.47236 | AE69: =IF(M69>0,(AG69+AP69)/M69,0) -> 0.0026893567 | AF69: 0.0003 | AG69: =AF69*M69 -> 4.7244 | AH69: 0.2083 | AI69: =AL69*(1-AM69)*AH69 -> 33.929987 | AJ69: =IF(AND(AH69>0,AF69>0,AC69>0),((AC69-AF69)*AH69)/((AH69-AF69)*AC69),0) -> 0.88454243 | AK69: =IF(AND(AE69>0,AN69>0,AF69>0),((AN69*(AE69-AF69))/(AE69*(AN69-AF69))),0) -> 0.88960449 | AL69: 179 | AM69: 0.09 | AN69: 0.231 | AO69: 0.2316 | AP69: =AL69*(1-AM69)*AN69 -> 37.62759 | AQ69: =AL69*(1-AM69)*AO69 -> 37.725324 | AR69: 1.6 | AT69: =AT68+AL69-AS69 -> 2028.78
B70: 3 | C70: Цвета Владова | D70: 19975 | E70: 1 | F70: 14976 | G70: 0.5 | H70: 4.6 | I70: 17354 | J70: 4.3 | K70: 17174 | L70: 0.08 | M70: =ROUND(K70*(1-L70),0) -> 15800 | N70: 0.506 | O70: =M70*N70 -> 7994.8 | P70: 0.396 | Q70: =M70*P70 -> 6256.8 | R70: 0.098 | S70: 0.2753 | T70: =M70*R70 -> 1548.4 | U70: 0.257 | V70: =M70*U70 -> 4060.6 | W70: 0.459 | X70: =M70*W70 -> 7252.2 | Y70: 0.42 | Z70: =Y70*M70 -> 6636 | AA70: 0.00241 | AB70: =M70*AA70 -> 38.078 | AC70: 0.00233 | AD70: =M70*AC70 -> 36.814 | AE70: =IF(M70>0,(AG70+AP70)/M70,0) -> 0.0025123891 | AF70: 0.0003 | AG70: =AF70*M70 -> 4.74 | AH70: 0.1992 | AI70: =AL70*(1-AM70)*AH70 -> 32.044109 | AJ70: =IF(AND(AH70>0,AF70>0,AC70>0),((AC70-AF70)*AH70)/((AH70-AF70)*AC70),0) -> 0.87255873 | AK70: =IF(AND(AE70>0,AN70>0,AF70>0),((AN70*(AE70-AF70))/(AE70*(AN70-AF70))),0) -> 0.88180915 | AL70: 176 | AM70: 0.086 | AN70: 0.2173 | AO70: 0.2206 | AP70: =AL70*(1-AM70)*AN70 -> 34.955747 | AQ70: =AL70*(1-AM70)*AO70 -> 35.486598 | AR70: 1.55 | AT70: =AT69+AL70-AS70 -> 2204.78
B71: Общо | D71: =SUM(D68:D70) -> 45070 | F71: =SUM(F68:F70) -> 39204 | I71: =SUM(I68:I70) -> 45312 | K71: =SUM(K68:K70) -> 51564 | L71: =IF(K71>0,(K68*L68+K69*L69+K70*L70)/K71,0) -> 0.077655419 | M71: =M68+M69+M70 -> 47560 | N71: =IF(M71>0,O71/M71,0) -> 0.60217452 | O71: =O68+O69+O70 -> 28639.42 | P71: =IF(M71>0,Q71/M71,0) -> 0.31209352 | Q71: =Q68+Q69+Q70 -> 14843.168 | R71: =IF(M71>0,T71/M71,0) -> 0.08573196 | T71: =T68+T69+T70 -> 4077.412 | U71: =IF(M71>0,V71/M71,0) -> 0.24494096 | V71: =V68+V69+V70 -> 11649.392 | W71: =IF(M71>0,X71/M71,0) -> 0.46243886 | X71: =X68+X69+X70 -> 21993.592 | Y71: =IF(M71>0,Z71/M71,0) -> 0.40995542 | Z71: =Z68+Z69+Z70 -> 19497.48 | AA71: =IF(M71>0,AB71/M71,0) -> 0.0026070252 | AB71: =SUM(AB68:AB70) -> 123.99012 | AC71: =IF(M71>0,AD71/M71,0) -> 0.0024970025 | AD71: =SUM(AD68:AD70) -> 118.75744 | AE71: =IF(M71>0,(AE68*M68+AE69*M69+AE70*M70)/M71,0) -> 0.0025384322 | AF71: =IF(K71>0,(K68*AF68+K69*AF69+K70*AF70)/K71,0) -> 0.0003 | AG71: =SUM(AG68:AG70) -> 14.268 | AH71: =IF(K71>0,(K68*AH68+K69*AH69+K70*AH70)/K71,0) -> 0.20583798 | AI71: =SUM(AI68:AI70) -> 97.452256 | AJ71: =IF(AND(AD71>0),((AD68*AJ68+AD69*AJ69+AD70*AJ70)/AD71),0) -> 0.88113918 | AK71: =IF(AND(AE71>0,AN71>0,AF71>0),((AN71*(AE71-AF71))/(AE71*(AN71-AF71))),0) -> 0.88299538 | AL71: =SUM(AL68:AL70) -> 519 | AM71: =IF(AL71>0,(AM68*AL68+AM69*AL69+AM70*AL70)/AL71,0) -> 0.087379576 | AN71: =IF(K71>0,(AN68*K68+AN69*K69+AN70*K70)/K71,0) -> 0.22476399 | AO71: =IF(L71>0,(AO68*K68+AO69*K69+AO70*K70)/K71,0) -> 0.22622979 | AP71: =SUM(AP68:AP70) -> 106.45983 | AQ71: =SUM(AQ68:AQ70) -> 107.16337 | AS71: =SUM(AS68:AS70) -> 1002.24 | AU71: =AT70 -> 2204.78 | AV71: =SUM(AV68:AV70) -> 0
A72: 18 | B72: 1 | C72: Георги Томов | D72: 4108 | E72: 0 | F72: 13509 | G72: 0.5 | H72: 4.4 | I72: 16002 | J72: 3.9 | K72: 15640 | L72: 0.076 | M72: =ROUND(K72*(1-L72),0) -> 14451 | N72: 0.696 | O72: =M72*N72 -> 10057.896 | P72: 0.232 | Q72: =M72*P72 -> 3352.632 | R72: 0.072 | S72: 0.2689 | T72: =M72*R72 -> 1040.472 | U72: 0.258 | V72: =M72*U72 -> 3728.358 | W72: 0.462 | X72: =M72*W72 -> 6676.362 | Y72: 0.41 | Z72: =Y72*M72 -> 5924.91 | AA72: 0.00241 | AB72: =M72*AA72 -> 34.82691 | AC72: 0.00232 | AD72: =M72*AC72 -> 33.52632 | AE72: =IF(M72>0,(AG72+AP72)/M72,0) -> 0.0024055003 | AF72: 0.0003 | AG72: =AF72*M72 -> 4.3353 | AH72: 0.2058 | AI72: =AL72*(1-AM72)*AH72 -> 28.372411 | AJ72: =IF(AND(AH72>0,AF72>0,AC72>0),((AC72-AF72)*AH72)/((AH72-AF72)*AC72),0) -> 0.87196073 | AK72: =IF(AND(AE72>0,AN72>0,AF72>0),((AN72*(AE72-AF72))/(AE72*(AN72-AF72))),0) -> 0.87647722 | AL72: 152 | AM72: 0.093 | AN72: 0.2207 | AO72: 0.2257 | AP72: =AL72*(1-AM72)*AN72 -> 30.426585 | AQ72: =AL72*(1-AM72)*AO72 -> 31.115905 | AR72: 1.5 | AS72: 1002.76 | AT72: =AT70+AL72-AS72+AU72 -> 1356.28 | AU72: 2.26
B73: 2 | C73: Иванка Копаранска | D73: 20447 | E73: 2 | F73: 12034 | G73: 0.8 | H73: 3.9 | I73: 14263 | J73: 4.6 | K73: 15151 | L73: 0.083 | M73: =ROUND(K73*(1-L73),0) -> 13893 | N73: 0.64 | O73: =M73*N73 -> 8891.52 | P73: 0.246 | Q73: =M73*P73 -> 3417.678 | R73: 0.114 | S73: 0.2657 | T73: =M73*R73 -> 1583.802 | U73: 0.26 | V73: =M73*U73 -> 3612.18 | W73: 0.455 | X73: =M73*W73 -> 6321.315 | Y73: 0.41 | Z73: =Y73*M73 -> 5696.13 | AA73: 0.00246 | AB73: =M73*AA73 -> 34.17678 | AC73: 0.00241 | AD73: =M73*AC73 -> 33.48213 | AE73: =IF(M73>0,(AG73+AP73)/M73,0) -> 0.0025788449 | AF73: 0.0003 | AG73: =AF73*M73 -> 4.1679 | AH73: 0.209 | AI73: =AL73*(1-AM73)*AH73 -> 29.85983 | AJ73: =IF(AND(AH73>0,AF73>0,AC73>0),((AC73-AF73)*AH73)/((AH73-AF73)*AC73),0) -> 0.8767772 | AK73: =IF(AND(AE73>0,AN73>0,AF73>0),((AN73*(AE73-AF73))/(AE73*(AN73-AF73))),0) -> 0.88486677 | AL73: 157 | AM73: 0.09 | AN73: 0.2216 | AO73: 0.2216 | AP73: =AL73*(1-AM73)*AN73 -> 31.659992 | AQ73: =AL73*(1-AM73)*AO73 -> 31.659992 | AR73: 1.6 | AT73: =AT72+AL73-AS73 -> 1513.28
B74: 3 | C74: Димитър Цончев | D74: 19612 | E74: 1 | F74: 14871 | G74: 1 | H74: 5.8 | I74: 17343 | J74: 3.8 | K74: 15120 | L74: 0.081 | M74: =ROUND(K74*(1-L74),0) -> 13895 | N74: 0.573 | O74: =M74*N74 -> 7961.835 | P74: 0.216 | Q74: =M74*P74 -> 3001.32 | R74: 0.211 | S74: 0.2606 | T74: =M74*R74 -> 2931.845 | U74: 0.251 | V74: =M74*U74 -> 3487.645 | W74: 0.472 | X74: =M74*W74 -> 6558.44 | Y74: 0.41 | Z74: =Y74*M74 -> 5696.95 | AA74: 0.00252 | AB74: =M74*AA74 -> 35.0154 | AC74: 0.00252 | AD74: =M74*AC74 -> 35.0154 | AE74: =IF(M74>0,(AG74+AP74)/M74,0) -> 0.0026665065 | AF74: 0.0003 | AG74: =AF74*M74 -> 4.1685 | AH74: 0.2051 | AI74: =AL74*(1-AM74)*AH74 -> 29.961008 | AJ74: =IF(AND(AH74>0,AF74>0,AC74>0),((AC74-AF74)*AH74)/((AH74-AF74)*AC74),0) -> 0.88224284 | AK74: =IF(AND(AE74>0,AN74>0,AF74>0),((AN74*(AE74-AF74))/(AE74*(AN74-AF74))),0) -> 0.88867762 | AL74: 160 | AM74: 0.087 | AN74: 0.2251 | AO74: 0.2277 | AP74: =AL74*(1-AM74)*AN74 -> 32.882608 | AQ74: =AL74*(1-AM74)*AO74 -> 33.262416 | AR74: 1.5 | AT74: =AT73+AL74-AS74 -> 1673.28
